"Date","Price","Open","High","Low","Vol.","Change %"
"05/28/2024","1,858.50","1,860.50","1,865.50","1,854.00","","0.11%"
"05/27/2024","1,856.50","1,830.50","1,860.50","1,829.50","73.35K","1.74%"
"05/24/2024","1,824.75","1,825.50","1,832.50","1,806.50","57.98K","-0.03%"
"05/23/2024","1,825.25","1,818.00","1,829.00","1,806.00","61.44K","0.44%"
"05/22/2024","1,817.25","1,794.25","1,820.25","1,792.25","43.43K","1.25%"
"05/21/2024","1,794.75","1,801.75","1,808.75","1,784.75","39.97K","-0.32%"
"05/20/2024","1,800.50","1,802.25","1,816.00","1,791.00","57.47K","-0.12%"
"05/17/2024","1,802.75","1,805.75","1,812.25","1,799.25","43.78K","-0.19%"
"05/16/2024","1,806.25","1,798.00","1,824.75","1,797.25","59.84K","0.46%"
"05/15/2024","1,798.00","1,782.25","1,810.00","1,775.50","62.92K","0.93%"
"05/14/2024","1,781.50","1,766.00","1,782.25","1,766.00","50.56K","0.83%"
"05/13/2024","1,766.75","1,763.75","1,777.00","1,762.75","55.48K","0.18%"
"05/10/2024","1,763.50","1,744.00","1,764.50","1,740.25","55.18K","1.12%"
"05/09/2024","1,744.00","1,748.75","1,756.75","1,742.25","49.59K","-0.27%"
"05/08/2024","1,748.75","1,742.50","1,751.00","1,739.50","48.63K","0.37%"
"05/07/2024","1,742.25","1,740.00","1,754.75","1,733.50","53.02K","0.09%"
"05/06/2024","1,740.75","1,716.25","1,749.25","1,712.75","69.24K","1.43%"
"05/03/2024","1,716.25","1,703.75","1,733.75","1,696.00","67.94K","0.67%"
"05/02/2024","1,704.75","1,693.25","1,714.50","1,685.00","58.88K","0.58%"
"05/01/2024","1,695.00","1,715.00","1,716.50","1,686.00","30.16K","-1.15%"
"04/30/2024","1,714.75","1,727.00","1,729.75","1,711.75","63.45K","-0.19%"
"04/29/2024","1,718.00","1,688.00","1,725.25","1,683.50","23.69K","1.81%"
"04/26/2024","1,687.50","1,662.25","1,694.50","1,648.00","100.62K","1.49%"
"04/25/2024","1,662.75","1,690.25","1,690.50","1,659.25","107.66K","-1.63%"
"04/24/2024","1,690.25","1,647.50","1,691.00","1,646.25","77.80K","2.55%"
"04/23/2024","1,648.25","1,637.50","1,654.50","1,633.50","69.12K","0.75%"
"04/22/2024","1,636.00","1,638.25","1,654.00","1,629.00","102.42K","-0.06%"
"04/19/2024","1,637.00","1,704.00","1,706.75","1,616.25","145.07K","-3.80%"
"04/18/2024","1,701.75","1,682.50","1,701.75","1,666.75","67.15K","0.87%"
"04/17/2024","1,687.00","1,674.00","1,690.00","1,662.00","84.04K","0.69%"
"04/16/2024","1,675.50","1,721.75","1,728.25","1,663.00","87.00K","-2.69%"
"04/15/2024","1,721.75","1,747.75","1,748.00","1,717.75","67.95K","-1.52%"
"04/12/2024","1,748.25","1,749.50","1,752.75","1,740.00","62.72K","-0.11%"
"04/11/2024","1,750.25","1,761.00","1,763.75","1,742.25","72.19K","-0.61%"
"04/10/2024","1,761.00","1,765.75","1,769.00","1,755.50","59.66K","-0.24%"
"04/09/2024","1,765.25","1,739.75","1,766.00","1,738.25","65.54K","1.54%"
"04/08/2024","1,738.50","1,717.75","1,745.50","1,710.75","57.47K","1.15%"
"04/05/2024","1,718.75","1,744.25","1,758.00","1,704.75","30.54K","-1.46%"
"04/04/2024","1,744.25","1,730.25","1,747.00","1,730.25","22.86K","0.71%"
"04/03/2024","1,732.00","1,752.00","1,753.00","1,725.25","66.17K","-1.09%"
"04/02/2024","1,751.00","1,732.25","1,751.00","1,730.25","54.87K","1.10%"
"04/01/2024","1,732.00","1,742.50","1,748.25","1,731.00","41.89K","-0.60%"
"03/29/2024","1,742.50","1,724.75","1,742.50","1,720.50","47.25K","0.97%"
"03/28/2024","1,725.75","1,719.75","1,726.75","1,707.00","17.98K","0.28%"
"03/27/2024","1,721.00","1,711.50","1,722.50","1,706.25","74.93K","0.57%"
"03/26/2024","1,711.25","1,719.75","1,738.00","1,697.75","111.01K","-0.51%"
"03/25/2024","1,720.00","1,723.00","1,725.50","1,717.25","85.31K","-0.20%"
"03/22/2024","1,723.50","1,727.00","1,733.75","1,713.75","79.75K","-0.16%"
"03/21/2024","1,726.25","1,691.75","1,726.75","1,691.25","64.60K","1.96%"
"03/20/2024","1,693.00","1,696.75","1,708.50","1,687.75","71.61K","-0.21%"
"03/19/2024","1,696.50","1,701.50","1,706.00","1,684.25","66.59K","-0.29%"
"03/18/2024","1,701.50","1,688.50","1,702.00","1,685.00","54.50K","0.75%"
"03/15/2024","1,688.75","1,699.50","1,702.50","1,687.50","73.87K","-0.60%"
"03/14/2024","1,699.00","1,697.00","1,703.75","1,690.00","64.70K","0.15%"
"03/13/2024","1,696.50","1,699.00","1,711.00","1,692.50","80.26K","-0.19%"
"03/12/2024","1,699.75","1,679.75","1,700.50","1,674.50","60.83K","1.18%"
"03/11/2024","1,680.00","1,684.00","1,700.00","1,673.50","90.85K","-0.25%"
"03/08/2024","1,684.25","1,674.00","1,703.00","1,670.50","91.90K","0.52%"
"03/07/2024","1,675.50","1,657.00","1,680.75","1,657.00","68.52K","1.10%"
"03/06/2024","1,657.25","1,648.00","1,659.25","1,632.75","53.10K","0.58%"
"03/05/2024","1,647.75","1,643.75","1,652.00","1,641.25","54.65K","0.21%"
"03/04/2024","1,644.25","1,615.75","1,645.75","1,612.00","60.71K","1.78%"
"03/01/2024","1,615.50","1,616.00","1,623.25","1,610.00","54.69K","-0.06%"
"02/29/2024","1,616.50","1,611.50","1,619.50","1,596.75","47.04K","0.31%"
"02/28/2024","1,611.50","1,607.75","1,614.25","1,606.50","17.42K","0.42%"
"02/27/2024","1,604.75","1,612.75","1,618.25","1,595.25","23.61K","-0.53%"
"02/26/2024","1,613.25","1,612.25","1,616.00","1,600.25","65.89K","0.00%"
"02/23/2024","1,613.25","1,608.50","1,619.25","1,607.25","83.55K","0.31%"
"02/22/2024","1,608.25","1,591.25","1,608.75","1,590.50","56.78K","1.00%"
"02/21/2024","1,592.25","1,602.00","1,609.00","1,591.25","56.44K","-0.55%"
"02/20/2024","1,601.00","1,592.75","1,602.50","1,587.00","34.84K","0.50%"
"02/19/2024","1,593.00","1,587.00","1,594.50","1,583.00","49.67K","0.33%"
"02/16/2024","1,587.75","1,594.25","1,599.50","1,587.25","50.65K","-0.41%"
"02/15/2024","1,594.25","1,591.50","1,602.00","1,582.75","79.24K","0.24%"
"02/14/2024","1,590.50","1,607.00","1,608.75","1,575.50","25.67K","-1.00%"
"02/13/2024","1,606.50","1,607.25","1,621.50","1,602.25","14.94K","-0.02%"
"02/12/2024","1,606.75","1,611.00","1,612.75","1,600.75","14.04K","-0.25%"
"02/09/2024","1,610.75","1,599.25","1,612.75","1,585.25","25.29K","0.83%"
"02/08/2024","1,597.50","1,572.75","1,602.00","1,570.50","24.78K","1.57%"
"02/07/2024","1,572.75","1,575.25","1,585.25","1,560.00","21.72K","-0.21%"
"02/06/2024","1,576.00","1,552.00","1,578.50","1,544.50","27.52K","1.53%"
"02/05/2024","1,552.25","1,550.50","1,553.50","1,539.00","54.37K","0.15%"
"02/02/2024","1,550.00","1,543.25","1,553.00","1,541.00","43.74K","0.42%"
"02/01/2024","1,543.50","1,540.50","1,550.75","1,534.50","66.91K","0.28%"
"01/31/2024","1,539.25","1,552.25","1,552.50","1,537.50","51.57K","-0.85%"
"01/30/2024","1,552.50","1,555.50","1,558.25","1,549.50","13.64K","-0.19%"
"01/29/2024","1,555.50","1,545.00","1,557.00","1,543.00","65.76K","0.61%"
"01/26/2024","1,546.00","1,548.25","1,555.50","1,542.00","90.97K","-0.15%"
"01/25/2024","1,548.25","1,540.25","1,556.25","1,540.00","70.74K","0.60%"
"01/24/2024","1,539.00","1,537.25","1,542.75","1,534.75","46.57K","0.23%"
"01/23/2024","1,535.50","1,531.50","1,538.50","1,527.00","50.69K","0.23%"
"01/22/2024","1,532.00","1,519.00","1,535.00","1,514.75","58.45K","0.94%"
"01/19/2024","1,517.75","1,488.25","1,518.25","1,486.75","82.45K","2.40%"
"01/18/2024","1,482.25","1,476.00","1,485.25","1,470.00","57.85K","0.22%"
"01/17/2024","1,479.00","1,494.00","1,498.00","1,475.00","78.48K","-1.05%"
"01/16/2024","1,494.75","1,515.50","1,517.25","1,492.50","65.67K","-1.32%"
"01/15/2024","1,514.75","1,508.50","1,526.25","1,503.25","49.89K","0.40%"
"01/12/2024","1,508.75","1,517.25","1,519.50","1,501.75","51.01K","-0.59%"
"01/11/2024","1,517.75","1,507.50","1,521.00","1,506.00","44.44K","0.66%"
"01/10/2024","1,507.75","1,516.00","1,517.25","1,506.00","41.79K","-0.56%"
"01/09/2024","1,516.25","1,521.50","1,536.25","1,514.75","42.37K","-0.31%"
"01/08/2024","1,521.00","1,513.75","1,531.50","1,507.75","47.54K","0.51%"
"01/05/2024","1,513.25","1,516.00","1,523.00","1,512.00","39.98K","-0.16%"
"01/04/2024","1,515.75","1,517.25","1,519.50","1,510.25","44.56K","-0.13%"
"01/03/2024","1,517.75","1,541.50","1,544.00","1,512.75","59.61K","-1.52%"
"01/02/2024","1,541.25","1,551.00","1,556.50","1,537.00","40.74K","-0.60%"
"12/29/2023","1,550.50","1,550.25","1,554.00","1,547.00","32.69K","-0.32%"
"12/28/2023","1,555.50","1,555.25","1,558.25","1,550.00","16.44K","0.11%"
"12/27/2023","1,553.75","1,543.75","1,556.25","1,539.00","48.01K","0.75%"
"12/26/2023","1,542.25","1,532.75","1,542.25","1,531.50","34.95K","0.62%"
"12/25/2023","1,532.75","1,521.50","1,534.00","1,520.25","27.05K","0.69%"
"12/22/2023","1,522.25","1,518.50","1,525.75","1,516.75","61.68K","0.25%"
"12/21/2023","1,518.50","1,529.25","1,530.50","1,499.50","68.14K","-0.70%"
"12/20/2023","1,529.25","1,518.50","1,531.75","1,517.75","44.22K","0.67%"
"12/19/2023","1,519.00","1,523.75","1,524.75","1,513.75","46.29K","-0.33%"
"12/18/2023","1,524.00","1,528.00","1,530.75","1,515.00","51.03K","-0.20%"
"12/15/2023","1,527.00","1,524.25","1,536.50","1,522.75","62.00K","0.16%"
"12/14/2023","1,524.50","1,503.75","1,528.00","1,501.50","53.46K","1.30%"
"12/13/2023","1,505.00","1,504.50","1,511.00","1,498.25","35.46K","0.03%"
"12/12/2023","1,504.50","1,503.25","1,515.00","1,500.25","35.32K","0.10%"
"12/11/2023","1,503.00","1,496.50","1,503.00","1,492.50","37.42K","0.47%"
"12/08/2023","1,496.00","1,485.50","1,505.00","1,485.00","43.57K","0.67%"
"12/07/2023","1,486.00","1,495.75","1,500.00","1,484.25","40.35K","-0.69%"
"12/06/2023","1,496.25","1,488.75","1,502.25","1,485.50","41.86K","0.47%"
"12/05/2023","1,489.25","1,498.25","1,498.75","1,481.50","46.81K","-0.63%"
"12/04/2023","1,498.75","1,500.25","1,506.50","1,493.00","47.49K","-0.07%"
"12/01/2023","1,499.75","1,501.50","1,504.25","1,488.75","53.78K","-0.03%"
"11/30/2023","1,500.25","1,496.25","1,507.00","1,492.75","53.53K","-0.08%"
"11/29/2023","1,501.50","1,502.50","1,510.25","1,495.00","23.96K","0.02%"
"11/28/2023","1,501.25","1,485.25","1,504.00","1,484.50","78.11K","1.13%"
"11/27/2023","1,484.50","1,495.25","1,503.00","1,481.50","91.42K","-0.74%"
"11/24/2023","1,495.50","1,495.50","1,500.50","1,492.75","49.40K","0.07%"
"11/23/2023","1,494.50","1,493.25","1,498.75","1,487.00","44.37K","0.03%"
"11/22/2023","1,494.00","1,503.50","1,503.50","1,490.00","49.13K","-0.66%"
"11/21/2023","1,504.00","1,481.25","1,505.25","1,481.25","48.18K","1.45%"
"11/20/2023","1,482.50","1,487.50","1,492.50","1,479.25","51.41K","-0.35%"
"11/17/2023","1,487.75","1,481.75","1,489.75","1,476.25","50.77K","0.44%"
"11/16/2023","1,481.25","1,480.50","1,491.25","1,476.00","55.32K","-0.03%"
"11/15/2023","1,481.75","1,464.25","1,487.25","1,464.00","71.90K","1.25%"
"11/14/2023","1,463.50","1,459.50","1,467.50","1,458.00","45.31K","0.26%"
"11/13/2023","1,459.75","1,446.75","1,473.00","1,446.50","55.78K","0.92%"
"11/10/2023","1,446.50","1,451.25","1,458.25","1,439.00","44.46K","-0.38%"
"11/09/2023","1,452.00","1,447.25","1,453.50","1,442.50","40.99K","0.31%"
"11/08/2023","1,447.50","1,440.75","1,451.75","1,438.25","48.89K","0.49%"
"11/07/2023","1,440.50","1,438.00","1,442.50","1,434.25","43.81K","0.21%"
"11/06/2023","1,437.50","1,428.00","1,447.00","1,423.25","66.57K","0.70%"
"11/03/2023","1,427.50","1,415.25","1,428.50","1,412.25","51.95K","0.90%"
"11/02/2023","1,414.75","1,386.25","1,415.50","1,383.00","60.56K","2.15%"
"11/01/2023","1,385.00","1,375.25","1,389.00","1,375.00","45.61K","0.64%"
"10/31/2023","1,376.25","1,389.50","1,397.00","1,376.00","53.10K","-0.90%"
"10/30/2023","1,388.75","1,392.50","1,396.00","1,380.50","21.62K","-0.27%"
"10/27/2023","1,392.50","1,379.50","1,395.00","1,376.00","69.30K","0.98%"
"10/26/2023","1,379.00","1,405.25","1,406.50","1,376.00","98.24K","-1.87%"
"10/25/2023","1,405.25","1,401.25","1,414.00","1,397.00","64.43K","0.36%"
"10/24/2023","1,400.25","1,394.25","1,403.00","1,384.75","68.32K","0.32%"
"10/23/2023","1,395.75","1,412.00","1,414.25","1,394.50","58.76K","-1.19%"
"10/20/2023","1,412.50","1,419.50","1,428.75","1,399.50","89.75K","-0.32%"
"10/19/2023","1,417.00","1,420.75","1,421.00","1,407.50","58.12K","-0.19%"
"10/18/2023","1,419.75","1,436.50","1,442.00","1,418.25","63.13K","-1.22%"
"10/17/2023","1,437.25","1,439.75","1,451.75","1,436.75","42.64K","-0.12%"
"10/16/2023","1,439.00","1,450.00","1,451.75","1,436.00","48.22K","-0.76%"
"10/13/2023","1,450.00","1,461.50","1,461.50","1,443.50","51.50K","-0.67%"
"10/12/2023","1,459.75","1,447.25","1,459.75","1,441.25","59.27K","0.81%"
"10/11/2023","1,448.00","1,434.25","1,454.00","1,431.25","62.12K","0.92%"
"10/10/2023","1,434.75","1,434.25","1,442.75","1,422.25","17.90K","0.10%"
"10/09/2023","1,433.25","1,426.00","1,441.00","1,419.25","29.25K","0.39%"
"10/06/2023","1,427.75","1,421.00","1,429.75","1,415.25","45.31K","0.40%"
"10/05/2023","1,422.00","1,399.00","1,425.00","1,397.50","61.39K","1.57%"
"10/04/2023","1,400.00","1,415.50","1,418.75","1,393.00","68.90K","-1.03%"
"10/03/2023","1,414.50","1,424.50","1,428.25","1,414.50","57.25K","-0.70%"
"10/02/2023","1,424.50","1,426.25","1,430.75","1,411.25","45.75K","-0.04%"
"09/29/2023","1,425.00","1,410.75","1,426.50","1,406.75","23.69K","0.94%"
"09/28/2023","1,411.75","1,406.50","1,417.75","1,400.00","59.80K","0.57%"
"09/27/2023","1,403.75","1,405.00","1,408.50","1,396.50","25.13K","-0.18%"
"09/26/2023","1,406.25","1,422.50","1,422.50","1,403.75","55.63K","-1.02%"
"09/25/2023","1,420.75","1,409.00","1,422.50","1,407.25","72.19K","0.80%"
"09/22/2023","1,409.50","1,404.00","1,410.00","1,387.75","71.70K","0.34%"
"09/21/2023","1,404.75","1,431.75","1,435.00","1,402.75","70.88K","-1.63%"
"09/20/2023","1,428.00","1,435.25","1,438.25","1,426.00","47.28K","-0.49%"
"09/19/2023","1,435.00","1,443.75","1,445.50","1,434.50","40.96K","-0.59%"
"09/18/2023","1,443.50","1,459.00","1,461.00","1,441.25","47.98K","-1.10%"
"09/15/2023","1,459.50","1,454.00","1,460.50","1,450.50","49.47K","0.38%"
"09/14/2023","1,454.00","1,429.50","1,454.25","1,427.75","51.04K","1.66%"
"09/13/2023","1,430.25","1,429.75","1,436.25","1,424.25","43.28K","0.09%"
"09/12/2023","1,429.00","1,415.00","1,430.75","1,414.50","55.13K","0.97%"
"09/11/2023","1,415.25","1,427.75","1,429.50","1,409.50","45.66K","-0.79%"
"09/08/2023","1,426.50","1,427.00","1,429.25","1,417.75","39.97K","-0.02%"
"09/07/2023","1,426.75","1,441.25","1,442.00","1,426.75","39.69K","-1.01%"
"09/06/2023","1,441.25","1,443.25","1,448.00","1,438.25","38.15K","-0.21%"
"09/05/2023","1,444.25","1,444.00","1,447.25","1,438.25","22.65K","-0.02%"
"09/04/2023","1,444.50","1,437.25","1,445.00","1,430.75","41.19K","0.50%"
"09/01/2023","1,437.25","1,432.25","1,442.75","1,425.25","43.24K","0.33%"
"08/31/2023","1,432.50","1,441.50","1,445.00","1,430.00","44.69K","-0.57%"
"08/30/2023","1,440.75","1,435.25","1,448.75","1,432.00","19.73K","0.37%"
"08/29/2023","1,435.50","1,426.25","1,437.50","1,422.50","53.49K","0.77%"
"08/28/2023","1,424.50","1,412.50","1,429.25","1,409.75","68.59K","0.72%"
"08/25/2023","1,414.25","1,442.75","1,445.75","1,413.50","75.33K","-2.08%"
"08/24/2023","1,444.25","1,426.00","1,449.00","1,422.25","56.59K","1.28%"
"08/23/2023","1,426.00","1,417.75","1,426.00","1,411.25","40.46K","0.65%"
"08/22/2023","1,416.75","1,412.25","1,426.75","1,412.00","38.39K","0.23%"
"08/21/2023","1,413.50","1,414.50","1,424.50","1,407.50","40.97K","-0.04%"
"08/18/2023","1,414.00","1,423.25","1,430.75","1,411.25","50.13K","-0.58%"
"08/17/2023","1,422.25","1,418.75","1,426.50","1,402.50","51.28K","0.23%"
"08/16/2023","1,419.00","1,425.75","1,426.75","1,412.25","51.08K","-0.42%"
"08/15/2023","1,425.00","1,421.25","1,436.50","1,419.75","48.03K","0.09%"
"08/14/2023","1,423.75","1,444.25","1,445.25","1,416.75","63.58K","-1.44%"
"08/11/2023","1,444.50","1,445.75","1,458.00","1,439.75","41.93K","-0.09%"
"08/10/2023","1,445.75","1,461.00","1,465.50","1,437.50","46.43K","-0.99%"
"08/09/2023","1,460.25","1,460.00","1,467.75","1,448.50","41.24K","-0.10%"
"08/08/2023","1,461.75","1,474.00","1,477.25","1,453.00","44.60K","-0.83%"
"08/07/2023","1,474.00","1,457.00","1,476.50","1,449.25","55.12K","1.11%"
"08/04/2023","1,457.75","1,439.00","1,462.50","1,427.50","65.67K","1.30%"
"08/03/2023","1,439.00","1,458.75","1,459.75","1,437.25","34.79K","-1.42%"
"08/02/2023","1,459.75","1,494.25","1,495.25","1,457.75","71.95K","-2.37%"
"08/01/2023","1,495.25","1,483.75","1,496.25","1,481.00","53.45K","0.88%"
"07/31/2023","1,482.25","1,498.50","1,515.50","1,480.50","73.48K","-1.28%"
"07/28/2023","1,501.50","1,495.75","1,504.25","1,484.75","18.00K","0.42%"
"07/27/2023","1,495.25","1,488.00","1,502.00","1,482.25","64.93K","0.52%"
"07/26/2023","1,487.50","1,491.50","1,500.25","1,485.75","76.00K","-0.28%"
"07/25/2023","1,491.75","1,477.75","1,497.50","1,475.25","71.41K","0.93%"
"07/24/2023","1,478.00","1,473.00","1,479.75","1,464.75","53.64K","0.42%"
"07/21/2023","1,471.75","1,482.00","1,482.00","1,454.75","67.85K","-0.71%"
"07/20/2023","1,482.25","1,481.75","1,486.25","1,474.75","40.18K","0.12%"
"07/19/2023","1,480.50","1,490.75","1,501.50","1,478.25","50.33K","-0.72%"
"07/18/2023","1,491.25","1,491.50","1,503.50","1,483.25","53.55K","-0.07%"
"07/17/2023","1,492.25","1,488.75","1,496.00","1,483.75","41.92K","0.24%"
"07/14/2023","1,488.75","1,471.25","1,492.00","1,470.50","54.40K","1.21%"
"07/13/2023","1,471.00","1,455.25","1,485.25","1,452.50","57.60K","1.12%"
"07/12/2023","1,454.75","1,449.50","1,456.00","1,443.75","39.58K","0.47%"
"07/11/2023","1,448.00","1,418.75","1,450.25","1,418.50","45.81K","2.01%"
"07/10/2023","1,419.50","1,427.50","1,438.25","1,419.50","52.99K","-0.53%"
"07/07/2023","1,427.00","1,434.25","1,435.00","1,418.25","56.70K","-0.45%"
"07/06/2023","1,433.50","1,460.00","1,460.75","1,432.25","60.95K","-1.92%"
"07/05/2023","1,461.50","1,470.25","1,472.75","1,458.50","29.57K","-0.63%"
"07/04/2023","1,470.75","1,464.25","1,471.75","1,460.00","31.94K","0.39%"
"07/03/2023","1,465.00","1,443.75","1,466.25","1,442.00","48.02K","1.42%"
"06/30/2023","1,444.50","1,443.75","1,446.50","1,434.75","45.42K","-1.23%"
"06/29/2023","1,462.50","1,461.50","1,475.00","1,456.00","16.47K","0.02%"
"06/28/2023","1,462.25","1,460.00","1,467.75","1,456.00","58.03K","0.15%"
"06/27/2023","1,460.00","1,470.75","1,472.50","1,456.25","80.70K","-0.71%"
"06/26/2023","1,470.50","1,467.50","1,474.25","1,455.50","87.33K","0.19%"
"06/23/2023","1,467.75","1,474.25","1,482.75","1,464.25","19.98K","-0.51%"
"06/22/2023","1,475.25","1,484.75","1,487.00","1,474.50","16.87K","-0.64%"
"06/21/2023","1,484.75","1,485.00","1,487.75","1,479.00","43.97K","-0.08%"
"06/20/2023","1,486.00","1,491.00","1,491.75","1,479.25","39.50K","-0.32%"
"06/19/2023","1,490.75","1,491.00","1,493.50","1,480.25","42.18K","0.00%"
"06/16/2023","1,490.75","1,497.00","1,500.50","1,486.00","58.33K","-0.43%"
"06/15/2023","1,497.25","1,485.25","1,498.25","1,482.25","53.37K","0.76%"
"06/14/2023","1,486.00","1,486.00","1,493.75","1,479.50","47.45K","0.00%"
"06/13/2023","1,486.00","1,464.00","1,490.25","1,462.75","56.02K","1.54%"
"06/12/2023","1,463.50","1,456.75","1,467.75","1,454.25","42.06K","0.43%"
"06/09/2023","1,457.25","1,442.75","1,458.00","1,441.25","44.81K","0.97%"
"06/08/2023","1,443.25","1,457.50","1,464.25","1,438.75","51.94K","-1.03%"
"06/07/2023","1,458.25","1,443.00","1,459.75","1,441.00","50.41K","0.95%"
"06/06/2023","1,444.50","1,439.75","1,449.00","1,437.75","46.15K","0.33%"
"06/05/2023","1,439.75","1,440.00","1,453.50","1,437.00","55.88K","-0.03%"
"06/02/2023","1,440.25","1,419.25","1,441.75","1,416.50","53.56K","1.52%"
"06/01/2023","1,418.75","1,419.75","1,425.50","1,411.75","61.43K","-0.11%"
"05/31/2023","1,420.25","1,428.50","1,441.00","1,418.25","64.90K","-1.73%"
"05/30/2023","1,445.25","1,445.00","1,448.25","1,434.00","17.63K","0.03%"
"05/29/2023","1,444.75","1,430.00","1,450.25","1,430.00","56.33K","1.07%"
"05/26/2023","1,429.50","1,410.50","1,433.00","1,409.00","90.86K","1.38%"
"05/25/2023","1,410.00","1,400.25","1,412.25","1,390.00","105.29K","0.62%"
"05/24/2023","1,401.25","1,407.25","1,408.25","1,395.25","65.07K","-0.50%"
"05/23/2023","1,408.25","1,406.50","1,413.50","1,403.00","45.18K","0.07%"
"05/22/2023","1,407.25","1,410.25","1,411.75","1,405.25","46.11K","-0.21%"
"05/19/2023","1,410.25","1,405.00","1,413.50","1,404.75","65.81K","0.34%"
"05/18/2023","1,405.50","1,391.00","1,407.00","1,389.75","59.01K","1.02%"
"05/17/2023","1,391.25","1,371.50","1,393.50","1,370.25","60.83K","1.42%"
"05/16/2023","1,371.75","1,357.00","1,374.50","1,356.00","44.98K","1.14%"
"05/15/2023","1,356.25","1,350.75","1,357.25","1,345.50","40.56K","0.20%"
"05/12/2023","1,353.50","1,356.75","1,359.25","1,346.50","51.82K","-0.35%"
"05/11/2023","1,358.25","1,363.75","1,369.50","1,358.00","41.24K","-0.31%"
"05/10/2023","1,362.50","1,373.00","1,373.50","1,360.50","35.54K","-0.84%"
"05/09/2023","1,374.00","1,369.50","1,374.75","1,365.75","31.12K","0.18%"
"05/08/2023","1,371.50","1,365.00","1,377.25","1,363.50","35.52K","0.53%"
"05/05/2023","1,364.25","1,361.75","1,369.00","1,354.00","41.93K","0.18%"
"05/04/2023","1,361.75","1,357.00","1,363.25","1,351.75","37.53K","0.33%"
"05/03/2023","1,357.25","1,362.75","1,365.50","1,351.50","39.57K","-0.42%"
"05/02/2023","1,363.00","1,365.50","1,367.75","1,355.50","32.87K","-0.13%"
"05/01/2023","1,364.75","1,357.50","1,368.00","1,352.25","16.63K","0.59%"
"04/28/2023","1,356.75","1,344.50","1,359.75","1,343.50","42.00K","1.27%"
"04/27/2023","1,339.75","1,337.75","1,346.00","1,332.50","15.48K","0.15%"
"04/26/2023","1,337.75","1,338.75","1,341.25","1,330.00","58.58K","-0.13%"
"04/25/2023","1,339.50","1,361.00","1,365.25","1,337.75","78.62K","-1.58%"
"04/24/2023","1,361.00","1,359.00","1,363.75","1,352.00","61.42K","0.11%"
"04/21/2023","1,359.50","1,373.50","1,374.25","1,358.50","53.99K","-0.51%"
"04/20/2023","1,366.50","1,370.75","1,372.25","1,361.75","50.91K","-0.38%"
"04/19/2023","1,371.75","1,381.50","1,387.00","1,371.50","38.82K","-0.72%"
"04/18/2023","1,381.75","1,390.50","1,391.00","1,379.00","43.01K","-0.63%"
"04/17/2023","1,390.50","1,392.75","1,394.75","1,382.75","45.74K","-0.16%"
"04/14/2023","1,392.75","1,381.25","1,396.50","1,378.00","46.54K","0.87%"
"04/13/2023","1,380.75","1,389.00","1,397.25","1,380.25","44.48K","-0.61%"
"04/12/2023","1,389.25","1,391.00","1,394.25","1,385.25","34.69K","-0.07%"
"04/11/2023","1,390.25","1,381.00","1,393.00","1,370.75","36.41K","0.65%"
"04/10/2023","1,381.25","1,376.50","1,387.75","1,375.75","22.74K","0.27%"
"04/07/2023","1,377.50","1,374.25","1,382.50","1,372.50","30.23K","0.27%"
"04/06/2023","1,373.75","1,395.25","1,397.50","1,371.50","46.09K","-1.65%"
"04/05/2023","1,396.75","1,393.00","1,403.25","1,390.50","18.40K","0.27%"
"04/04/2023","1,393.00","1,384.25","1,398.50","1,383.75","15.20K","0.69%"
"04/03/2023","1,383.50","1,387.75","1,392.75","1,383.25","21.27K","-0.32%"
"03/31/2023","1,388.00","1,383.50","1,397.25","1,381.75","47.12K","0.31%"
"03/30/2023","1,383.75","1,377.75","1,388.75","1,376.75","15.44K","0.53%"
"03/29/2023","1,376.50","1,375.00","1,382.75","1,369.25","44.13K","0.20%"
"03/28/2023","1,373.75","1,385.50","1,386.00","1,371.50","70.08K","-0.83%"
"03/27/2023","1,385.25","1,393.00","1,395.00","1,380.75","76.42K","-0.56%"
"03/24/2023","1,393.00","1,384.75","1,397.50","1,381.00","63.16K","0.58%"
"03/23/2023","1,385.00","1,375.00","1,387.75","1,368.25","62.49K","0.69%"
"03/22/2023","1,375.50","1,353.00","1,376.25","1,351.50","53.54K","1.63%"
"03/21/2023","1,353.50","1,344.50","1,359.50","1,334.25","48.00K","0.54%"
"03/20/2023","1,346.25","1,350.75","1,356.75","1,342.00","51.72K","-0.37%"
"03/17/2023","1,351.25","1,336.25","1,353.25","1,329.00","61.90K","1.18%"
"03/16/2023","1,335.50","1,345.75","1,346.00","1,319.50","65.55K","-0.65%"
"03/15/2023","1,344.25","1,338.00","1,355.75","1,336.25","59.27K","0.35%"
"03/14/2023","1,339.50","1,359.00","1,360.75","1,336.25","94.93K","-1.38%"
"03/13/2023","1,358.25","1,355.50","1,361.75","1,342.75","71.65K","0.22%"
"03/10/2023","1,355.25","1,381.00","1,382.50","1,352.50","63.42K","-1.81%"
"03/09/2023","1,380.25","1,381.50","1,390.75","1,378.50","47.93K","-0.14%"
"03/08/2023","1,382.25","1,390.75","1,392.75","1,376.75","51.60K","-0.74%"
"03/07/2023","1,392.50","1,382.50","1,394.25","1,379.75","39.54K","0.72%"
"03/06/2023","1,382.50","1,368.75","1,388.75","1,367.00","43.38K","0.97%"
"03/03/2023","1,369.25","1,363.25","1,373.75","1,359.00","39.69K","0.46%"
"03/02/2023","1,363.00","1,364.25","1,369.25","1,352.25","53.91K","-0.07%"
"03/01/2023","1,364.00","1,351.75","1,365.25","1,342.50","54.32K","0.94%"
"02/28/2023","1,351.25","1,351.50","1,363.50","1,349.00","17.19K","0.06%"
"02/27/2023","1,350.50","1,361.25","1,365.75","1,347.25","30.75K","-0.84%"
"02/24/2023","1,362.00","1,368.25","1,377.50","1,360.50","53.78K","-0.47%"
"02/23/2023","1,368.50","1,352.00","1,376.00","1,348.00","19.69K","1.18%"
"02/22/2023","1,352.50","1,363.75","1,364.25","1,345.50","46.05K","-0.86%"
"02/21/2023","1,364.25","1,365.25","1,366.75","1,359.50","51.09K","-0.04%"
"02/20/2023","1,364.75","1,355.75","1,367.75","1,350.00","56.98K","0.63%"
"02/17/2023","1,356.25","1,362.75","1,365.00","1,350.50","58.30K","-0.51%"
"02/16/2023","1,363.25","1,349.25","1,369.00","1,345.75","52.52K","1.08%"
"02/15/2023","1,348.75","1,371.50","1,379.50","1,347.75","68.32K","-1.69%"
"02/14/2023","1,372.00","1,361.25","1,374.00","1,360.00","40.07K","0.75%"
"02/13/2023","1,361.75","1,364.75","1,368.25","1,350.75","44.26K","-0.13%"
"02/10/2023","1,363.50","1,365.50","1,376.50","1,356.50","53.17K","-0.18%"
"02/09/2023","1,366.00","1,367.00","1,368.75","1,356.50","43.17K","-0.15%"
"02/08/2023","1,368.00","1,349.50","1,368.75","1,341.50","50.71K","1.45%"
"02/07/2023","1,348.50","1,347.75","1,351.75","1,339.00","36.13K","0.02%"
"02/06/2023","1,348.25","1,363.50","1,366.25","1,346.75","62.81K","-1.19%"
"02/03/2023","1,364.50","1,364.00","1,371.00","1,356.00","50.88K","0.02%"
"02/02/2023","1,364.25","1,348.75","1,366.00","1,343.25","59.91K","1.15%"
"02/01/2023","1,348.75","1,337.25","1,349.50","1,333.00","48.61K","0.86%"
"01/31/2023","1,337.25","1,357.50","1,361.75","1,335.75","57.52K","-1.22%"
"01/30/2023","1,353.75","1,380.50","1,380.75","1,344.50","23.67K","-1.97%"
"01/27/2023","1,381.00","1,367.50","1,381.50","1,366.00","23.91K","1.06%"
"01/26/2023","1,366.50","1,361.50","1,366.50","1,344.25","27.23K","0.37%"
"01/25/2023","1,361.50","1,362.25","1,365.75","1,354.25","18.20K","-0.16%"
"01/24/2023","1,363.75","1,344.50","1,366.00","1,340.25","17.87K","1.39%"
"01/23/2023","1,345.00","1,325.75","1,345.75","1,322.00","14.23K","1.49%"
"01/20/2023","1,325.25","1,321.50","1,325.50","1,312.50","17.49K","0.28%"
"01/19/2023","1,321.50","1,320.50","1,331.75","1,316.25","24.63K","0.15%"
"01/18/2023","1,319.50","1,311.00","1,329.75","1,306.75","34.42K","0.69%"
"01/17/2023","1,310.50","1,311.50","1,315.00","1,306.50","49.39K","-0.06%"
"01/16/2023","1,311.25","1,302.75","1,318.50","1,300.50","60.03K","0.69%"
"01/13/2023","1,302.25","1,297.50","1,319.75","1,290.75","72.39K","0.31%"
"01/12/2023","1,298.25","1,302.25","1,310.00","1,294.00","39.40K","-0.35%"
"01/11/2023","1,302.75","1,302.25","1,309.75","1,297.25","40.44K","0.10%"
"01/10/2023","1,301.50","1,300.50","1,311.75","1,296.50","50.10K","0.15%"
"01/09/2023","1,299.50","1,264.25","1,299.50","1,259.50","63.63K","2.81%"
"01/06/2023","1,264.00","1,255.25","1,266.75","1,248.50","42.22K","0.74%"
"01/05/2023","1,254.75","1,247.25","1,261.50","1,245.25","46.82K","0.62%"
"01/04/2023","1,247.00","1,248.50","1,256.25","1,240.75","42.01K","-0.10%"
"01/03/2023","1,248.25","1,240.75","1,250.25","1,223.25","50.01K","0.52%"
"12/30/2022","1,241.75","1,232.00","1,248.50","1,229.25","33.81K","0.42%"
"12/29/2022","1,236.50","1,240.50","1,246.25","1,226.00","15.53K","-0.38%"
"12/28/2022","1,241.25","1,257.75","1,259.50","1,237.25","41.29K","-1.37%"
"12/27/2022","1,258.50","1,253.25","1,265.50","1,251.25","33.42K","0.54%"
"12/26/2022","1,251.75","1,247.25","1,254.25","1,240.50","26.42K","0.34%"
"12/23/2022","1,247.50","1,264.50","1,265.75","1,237.00","66.06K","-1.32%"
"12/22/2022","1,264.25","1,245.50","1,266.00","1,243.75","40.63K","1.49%"
"12/21/2022","1,245.75","1,243.25","1,252.25","1,242.25","45.64K","0.24%"
"12/20/2022","1,242.75","1,260.25","1,269.50","1,240.00","51.01K","-1.49%"
"12/19/2022","1,261.50","1,269.00","1,272.25","1,254.75","49.72K","-0.55%"
"12/16/2022","1,268.50","1,287.75","1,288.50","1,261.25","66.93K","-1.53%"
"12/15/2022","1,288.25","1,288.50","1,292.25","1,272.75","48.39K","-0.02%"
"12/14/2022","1,288.50","1,274.25","1,296.25","1,272.25","63.15K","1.12%"
"12/13/2022","1,274.25","1,279.00","1,289.50","1,271.50","41.14K","-0.37%"
"12/12/2022","1,279.00","1,289.50","1,296.00","1,270.00","45.71K","-0.87%"
"12/09/2022","1,290.25","1,273.25","1,291.75","1,272.50","44.63K","1.30%"
"12/08/2022","1,273.75","1,283.00","1,286.50","1,265.50","45.30K","-0.89%"
"12/07/2022","1,285.25","1,289.75","1,298.25","1,278.75","50.50K","-0.31%"
"12/06/2022","1,289.25","1,310.00","1,313.75","1,287.75","54.13K","-1.68%"
"12/05/2022","1,311.25","1,306.00","1,320.75","1,292.00","51.96K","0.33%"
"12/02/2022","1,307.00","1,312.75","1,315.75","1,302.00","48.72K","-0.55%"
"12/01/2022","1,314.25","1,300.50","1,326.50","1,293.00","75.06K","1.06%"
"11/30/2022","1,300.50","1,287.75","1,304.50","1,280.50","51.08K","0.74%"
"11/29/2022","1,291.00","1,277.00","1,293.50","1,271.25","18.12K","1.10%"
"11/28/2022","1,277.00","1,296.25","1,297.50","1,272.00","63.37K","-1.50%"
"11/25/2022","1,296.50","1,300.00","1,305.75","1,295.00","61.06K","-0.35%"
"11/24/2022","1,301.00","1,284.50","1,301.75","1,284.50","58.29K","1.15%"
"11/23/2022","1,286.25","1,274.50","1,289.75","1,273.25","52.01K","0.86%"
"11/22/2022","1,275.25","1,270.75","1,278.50","1,264.75","47.27K","0.28%"
"11/21/2022","1,271.75","1,274.25","1,283.50","1,268.75","43.07K","-0.31%"
"11/18/2022","1,275.75","1,283.50","1,295.00","1,267.75","60.79K","-0.55%"
"11/17/2022","1,282.75","1,280.75","1,289.25","1,269.25","55.08K","0.00%"
"11/16/2022","1,282.75","1,280.00","1,304.25","1,273.50","88.26K","0.18%"
"11/15/2022","1,280.50","1,245.75","1,284.25","1,245.75","77.93K","2.65%"
"11/14/2022","1,247.50","1,241.50","1,257.75","1,241.50","74.77K","0.34%"
"11/11/2022","1,243.25","1,189.75","1,243.25","1,185.75","89.15K","4.41%"
"11/10/2022","1,190.75","1,198.50","1,204.25","1,187.75","46.44K","-0.65%"
"11/09/2022","1,198.50","1,176.00","1,201.25","1,175.00","51.66K","1.87%"
"11/08/2022","1,176.50","1,166.50","1,181.50","1,164.50","38.41K","0.86%"
"11/07/2022","1,166.50","1,150.00","1,170.50","1,146.50","66.29K","1.50%"
"11/04/2022","1,149.25","1,142.00","1,149.75","1,130.25","46.64K","0.52%"
"11/03/2022","1,143.25","1,153.50","1,158.25","1,126.25","58.26K","-0.91%"
"11/02/2022","1,153.75","1,152.50","1,159.00","1,147.25","48.39K","0.09%"
"11/01/2022","1,152.75","1,144.00","1,157.25","1,136.00","42.75K","0.74%"
"10/31/2022","1,144.25","1,130.25","1,149.00","1,126.00","50.24K","1.42%"
"10/28/2022","1,128.25","1,143.00","1,144.50","1,127.00","18.94K","-1.25%"
"10/27/2022","1,142.50","1,127.50","1,146.75","1,125.75","64.60K","1.38%"
"10/26/2022","1,127.00","1,121.75","1,135.00","1,117.75","79.44K","0.65%"
"10/25/2022","1,119.75","1,132.00","1,140.50","1,114.75","84.17K","-1.32%"
"10/24/2022","1,134.75","1,132.25","1,156.75","1,123.25","91.82K","0.46%"
"10/21/2022","1,129.50","1,135.00","1,149.75","1,128.00","56.09K","-0.40%"
"10/20/2022","1,134.00","1,139.25","1,139.25","1,112.25","66.36K","-0.46%"
"10/19/2022","1,139.25","1,150.75","1,157.50","1,137.75","62.78K","-0.98%"
"10/18/2022","1,150.50","1,137.75","1,158.50","1,137.50","58.73K","0.97%"
"10/17/2022","1,139.50","1,153.00","1,158.25","1,127.25","69.13K","-1.26%"
"10/14/2022","1,154.00","1,131.75","1,162.75","1,113.75","90.70K","2.01%"
"10/13/2022","1,131.25","1,148.75","1,153.00","1,125.75","59.88K","-1.42%"
"10/12/2022","1,147.50","1,146.50","1,152.25","1,134.75","71.20K","0.09%"
"10/11/2022","1,146.50","1,155.00","1,168.25","1,145.50","63.38K","-0.67%"
"10/10/2022","1,154.25","1,196.25","1,197.75","1,153.50","30.17K","-3.51%"
"10/07/2022","1,196.25","1,210.25","1,211.00","1,195.25","45.87K","-1.30%"
"10/06/2022","1,212.00","1,209.50","1,221.25","1,195.25","53.63K","0.31%"
"10/05/2022","1,208.25","1,185.25","1,213.25","1,185.25","58.79K","1.92%"
"10/04/2022","1,185.50","1,162.25","1,187.50","1,159.00","58.13K","2.09%"
"10/03/2022","1,161.25","1,168.25","1,175.25","1,153.00","62.75K","-0.54%"
"09/30/2022","1,167.50","1,176.00","1,178.00","1,160.25","71.62K","-0.95%"
"09/29/2022","1,178.75","1,180.25","1,196.50","1,172.75","31.96K","-0.06%"
"09/28/2022","1,179.50","1,207.00","1,213.75","1,176.25","69.30K","-2.18%"
"09/27/2022","1,205.75","1,202.50","1,212.50","1,198.75","76.48K","0.31%"
"09/26/2022","1,202.00","1,231.50","1,232.75","1,199.50","75.01K","-2.36%"
"09/23/2022","1,231.00","1,242.00","1,249.50","1,226.75","51.58K","-0.85%"
"09/22/2022","1,241.50","1,257.00","1,268.75","1,228.50","66.29K","-1.27%"
"09/21/2022","1,257.50","1,268.00","1,271.75","1,254.25","43.45K","-0.91%"
"09/20/2022","1,269.00","1,257.00","1,271.75","1,254.50","41.36K","0.73%"
"09/19/2022","1,259.75","1,264.50","1,271.75","1,257.50","45.31K","-0.38%"
"09/16/2022","1,264.50","1,279.50","1,280.50","1,262.00","48.23K","-1.10%"
"09/15/2022","1,278.50","1,272.00","1,284.25","1,267.00","38.42K","0.51%"
"09/14/2022","1,272.00","1,302.00","1,304.75","1,254.00","50.95K","-2.14%"
"09/13/2022","1,299.75","1,293.75","1,305.00","1,292.00","35.40K","0.48%"
"09/12/2022","1,293.50","1,290.75","1,296.75","1,284.25","37.06K","0.12%"
"09/09/2022","1,292.00","1,274.00","1,293.00","1,263.00","25.76K","1.51%"
"09/08/2022","1,272.75","1,253.50","1,273.25","1,250.00","44.13K","1.50%"
"09/07/2022","1,254.00","1,276.75","1,281.25","1,251.00","54.91K","-1.78%"
"09/06/2022","1,276.75","1,274.00","1,286.50","1,270.00","34.22K","0.31%"
"09/05/2022","1,272.75","1,267.50","1,280.75","1,261.00","45.25K","0.34%"
"09/02/2022","1,268.50","1,280.25","1,288.00","1,266.50","50.85K","-1.09%"
"09/01/2022","1,282.50","1,309.25","1,309.50","1,275.75","66.02K","-1.87%"
"08/31/2022","1,307.00","1,303.25","1,314.50","1,282.25","57.10K","0.10%"
"08/30/2022","1,305.75","1,296.25","1,311.50","1,294.75","13.82K","0.83%"
"08/29/2022","1,295.00","1,331.50","1,337.50","1,291.00","57.69K","-2.81%"
"08/26/2022","1,332.50","1,325.25","1,339.00","1,324.75","51.81K","0.53%"
"08/25/2022","1,325.50","1,314.00","1,330.75","1,313.25","42.17K","0.91%"
"08/24/2022","1,313.50","1,313.25","1,325.00","1,310.25","39.52K","-0.08%"
"08/23/2022","1,314.50","1,328.25","1,331.25","1,314.50","36.57K","-1.20%"
"08/22/2022","1,330.50","1,345.50","1,345.50","1,326.75","34.82K","-1.08%"
"08/19/2022","1,345.00","1,342.75","1,350.75","1,339.00","33.09K","0.11%"
"08/18/2022","1,343.50","1,348.75","1,349.25","1,334.75","33.81K","-0.43%"
"08/17/2022","1,349.25","1,347.50","1,351.25","1,342.75","32.89K","0.15%"
"08/16/2022","1,347.25","1,345.00","1,350.50","1,339.75","29.10K","0.15%"
"08/15/2022","1,345.25","1,335.25","1,349.75","1,334.00","33.82K","0.82%"
"08/12/2022","1,334.25","1,328.00","1,341.25","1,328.00","36.86K","0.47%"
"08/11/2022","1,328.00","1,298.25","1,328.75","1,296.75","46.59K","2.25%"
"08/10/2022","1,298.75","1,309.75","1,311.50","1,294.25","36.75K","-0.92%"
"08/09/2022","1,310.75","1,303.75","1,315.25","1,295.75","39.62K","0.59%"
"08/08/2022","1,303.00","1,309.25","1,309.75","1,297.25","36.39K","-0.48%"
"08/05/2022","1,309.25","1,277.50","1,309.50","1,275.00","45.32K","2.47%"
"08/04/2022","1,277.75","1,279.25","1,285.00","1,263.00","50.04K","-0.10%"
"08/03/2022","1,279.00","1,276.00","1,284.25","1,267.50","55.41K","0.41%"
"08/02/2022","1,273.75","1,294.25","1,298.50","1,268.25","59.32K","-1.56%"
"08/01/2022","1,294.00","1,296.75","1,305.25","1,287.00","42.22K","-0.27%"
"07/29/2022","1,297.50","1,292.75","1,305.75","1,286.00","47.82K","-0.04%"
"07/28/2022","1,298.00","1,295.00","1,311.25","1,292.00","13.08K","0.35%"
"07/27/2022","1,293.50","1,287.25","1,295.75","1,277.00","43.23K","0.39%"
"07/26/2022","1,288.50","1,296.25","1,300.50","1,283.75","60.50K","-0.52%"
"07/25/2022","1,295.25","1,293.50","1,301.25","1,285.50","47.29K","0.17%"
"07/22/2022","1,293.00","1,293.50","1,301.50","1,287.00","41.78K","0.00%"
"07/21/2022","1,293.00","1,274.25","1,294.00","1,267.75","36.65K","1.43%"
"07/20/2022","1,274.75","1,269.00","1,287.50","1,266.75","46.66K","0.49%"
"07/19/2022","1,268.50","1,267.75","1,273.75","1,256.75","36.15K","0.04%"
"07/18/2022","1,268.00","1,251.50","1,269.50","1,245.75","42.30K","1.32%"
"07/15/2022","1,251.50","1,248.50","1,257.25","1,233.75","60.63K","0.56%"
"07/14/2022","1,244.50","1,238.25","1,251.50","1,222.25","62.77K","0.44%"
"07/13/2022","1,239.00","1,205.00","1,245.25","1,203.50","65.99K","2.82%"
"07/12/2022","1,205.00","1,233.75","1,238.50","1,201.75","48.71K","-2.47%"
"07/11/2022","1,235.50","1,245.00","1,256.50","1,233.25","51.88K","-0.92%"
"07/08/2022","1,247.00","1,231.25","1,255.75","1,230.75","58.28K","1.30%"
"07/07/2022","1,231.00","1,201.75","1,240.00","1,199.75","60.01K","2.22%"
"07/06/2022","1,204.25","1,235.00","1,236.75","1,203.75","74.18K","-2.53%"
"07/05/2022","1,235.50","1,233.00","1,254.00","1,215.25","59.66K","0.47%"
"07/04/2022","1,229.75","1,235.00","1,246.25","1,220.75","86.95K","-0.40%"
"07/01/2022","1,234.75","1,267.00","1,275.75","1,229.75","75.57K","-2.62%"
"06/30/2022","1,268.00","1,301.50","1,304.25","1,267.75","55.96K","-5.05%"
"06/29/2022","1,335.50","1,351.25","1,358.00","1,329.25","18.65K","-0.95%"
"06/28/2022","1,348.25","1,355.75","1,361.50","1,340.00","51.54K","-0.64%"
"06/27/2022","1,357.00","1,337.00","1,367.25","1,334.25","75.06K","1.44%"
"06/24/2022","1,337.75","1,328.75","1,346.00","1,322.00","71.61K","0.56%"
"06/23/2022","1,330.25","1,335.25","1,351.25","1,317.50","75.90K","-0.49%"
"06/22/2022","1,336.75","1,367.00","1,376.50","1,336.00","63.21K","-2.32%"
"06/21/2022","1,368.50","1,342.00","1,371.50","1,340.00","45.65K","2.05%"
"06/20/2022","1,341.00","1,347.50","1,355.00","1,334.25","70.59K","-0.61%"
"06/17/2022","1,349.25","1,371.75","1,372.00","1,343.75","86.14K","-1.62%"
"06/16/2022","1,371.50","1,386.00","1,408.75","1,370.50","74.64K","-0.92%"
"06/15/2022","1,384.25","1,388.00","1,391.25","1,376.00","67.37K","-0.25%"
"06/14/2022","1,387.75","1,387.00","1,390.75","1,367.25","75.23K","-0.14%"
"06/13/2022","1,389.75","1,428.75","1,430.00","1,383.25","69.80K","-2.63%"
"06/10/2022","1,427.25","1,435.25","1,443.75","1,415.25","55.29K","-0.63%"
"06/09/2022","1,436.25","1,442.75","1,446.00","1,429.75","43.65K","-0.42%"
"06/08/2022","1,442.25","1,426.75","1,445.75","1,422.75","45.63K","1.12%"
"06/07/2022","1,426.25","1,437.75","1,447.50","1,419.25","60.15K","-0.85%"
"06/06/2022","1,438.50","1,447.50","1,448.75","1,421.25","53.81K","-0.66%"
"06/03/2022","1,448.00","1,431.50","1,454.50","1,429.25","24.11K","1.26%"
"06/02/2022","1,430.00","1,441.75","1,446.00","1,426.00","57.88K","-0.73%"
"06/01/2022","1,440.50","1,448.50","1,455.75","1,438.75","66.48K","-0.66%"
"05/31/2022","1,450.00","1,439.75","1,452.50","1,429.75","53.43K","-0.34%"
"05/30/2022","1,455.00","1,425.50","1,456.00","1,425.25","22.19K","1.94%"
"05/27/2022","1,427.25","1,396.50","1,428.00","1,396.00","89.17K","2.13%"
"05/26/2022","1,397.50","1,403.25","1,418.25","1,395.75","79.00K","-0.62%"
"05/25/2022","1,406.25","1,392.50","1,412.00","1,386.00","75.33K","0.91%"
"05/24/2022","1,393.50","1,414.75","1,422.50","1,393.50","58.78K","-1.43%"
"05/23/2022","1,413.75","1,413.50","1,424.25","1,388.75","52.79K","0.07%"
"05/20/2022","1,412.75","1,396.25","1,414.50","1,381.50","62.05K","1.25%"
"05/19/2022","1,395.25","1,421.25","1,422.75","1,387.25","62.73K","-1.83%"
"05/18/2022","1,421.25","1,403.25","1,423.25","1,403.25","54.49K","1.34%"
"05/17/2022","1,402.50","1,391.75","1,404.50","1,387.50","43.76K","0.65%"
"05/16/2022","1,393.50","1,386.00","1,405.50","1,384.75","56.87K","0.36%"
"05/13/2022","1,388.50","1,372.00","1,389.00","1,362.50","82.51K","1.35%"
"05/12/2022","1,370.00","1,405.00","1,411.50","1,368.75","69.51K","-2.47%"
"05/11/2022","1,404.75","1,409.00","1,415.75","1,391.75","62.85K","-0.16%"
"05/10/2022","1,407.00","1,410.25","1,413.00","1,379.50","70.43K","-0.11%"
"05/09/2022","1,408.50","1,436.25","1,440.25","1,406.25","68.68K","-1.81%"
"05/06/2022","1,434.50","1,461.25","1,462.00","1,423.75","80.22K","-1.88%"
"05/05/2022","1,462.00","1,450.75","1,476.50","1,440.25","51.60K","0.81%"
"05/04/2022","1,450.25","1,445.00","1,457.00","1,439.00","45.02K","0.28%"
"05/03/2022","1,446.25","1,439.75","1,454.25","1,416.25","48.18K","0.52%"
"05/02/2022","1,438.75","1,459.75","1,461.00","1,425.75","24.20K","-1.27%"
"04/29/2022","1,457.25","1,442.50","1,465.75","1,434.50","73.64K","1.11%"
"04/28/2022","1,441.25","1,431.00","1,446.00","1,423.25","27.63K","0.73%"
"04/27/2022","1,430.75","1,452.00","1,452.25","1,417.75","84.94K","-1.51%"
"04/26/2022","1,452.75","1,445.00","1,458.25","1,442.00","92.42K","0.26%"
"04/25/2022","1,449.00","1,483.50","1,485.50","1,442.50","87.71K","-2.31%"
"04/22/2022","1,483.25","1,494.00","1,500.75","1,467.50","63.41K","-0.79%"
"04/21/2022","1,495.00","1,488.75","1,502.75","1,487.00","42.91K","0.37%"
"04/20/2022","1,489.50","1,482.25","1,491.75","1,475.25","58.13K","0.51%"
"04/19/2022","1,482.00","1,472.25","1,494.25","1,471.75","48.68K","0.70%"
"04/18/2022","1,471.75","1,482.00","1,485.50","1,465.00","41.14K","-0.73%"
"04/15/2022","1,482.50","1,512.75","1,518.75","1,480.75","51.31K","-1.95%"
"04/14/2022","1,512.00","1,515.50","1,522.50","1,508.25","49.87K","-0.36%"
"04/13/2022","1,517.50","1,490.50","1,517.50","1,488.25","70.85K","1.85%"
"04/12/2022","1,490.00","1,495.25","1,499.50","1,482.75","61.93K","-0.27%"
"04/11/2022","1,494.00","1,518.25","1,523.00","1,487.75","56.54K","-1.52%"
"04/08/2022","1,517.00","1,506.25","1,517.00","1,502.50","50.73K","0.85%"
"04/07/2022","1,504.25","1,535.00","1,536.75","1,502.75","67.13K","-2.02%"
"04/06/2022","1,535.25","1,561.75","1,563.25","1,517.25","51.87K","-1.68%"
"04/05/2022","1,561.50","1,543.25","1,573.00","1,540.00","15.10K","1.23%"
"04/04/2022","1,542.50","1,538.00","1,544.75","1,527.25","20.37K","0.29%"
"04/01/2022","1,538.00","1,542.75","1,547.75","1,520.50","49.43K","-0.39%"
"03/31/2022","1,544.00","1,551.50","1,555.00","1,541.50","44.98K","-0.77%"
"03/30/2022","1,556.00","1,539.50","1,557.50","1,538.25","22.69K","1.07%"
"03/29/2022","1,539.50","1,530.25","1,544.00","1,530.00","64.66K","0.51%"
"03/28/2022","1,531.75","1,545.00","1,548.75","1,518.25","81.56K","-0.86%"
"03/25/2022","1,545.00","1,550.50","1,559.25","1,542.75","59.92K","-0.39%"
"03/24/2022","1,551.00","1,555.75","1,557.50","1,540.25","51.87K","-0.29%"
"03/23/2022","1,555.50","1,539.25","1,557.75","1,538.75","50.87K","1.12%"
"03/22/2022","1,538.25","1,537.75","1,543.75","1,533.00","44.24K","0.11%"
"03/21/2022","1,536.50","1,531.00","1,544.25","1,522.25","54.30K","0.47%"
"03/18/2022","1,529.25","1,532.50","1,539.25","1,521.00","59.13K","-0.24%"
"03/17/2022","1,533.00","1,491.00","1,535.75","1,490.25","89.56K","2.99%"
"03/16/2022","1,488.50","1,480.50","1,497.25","1,467.50","73.08K","0.63%"
"03/15/2022","1,479.25","1,508.25","1,517.25","1,477.50","66.84K","-2.00%"
"03/14/2022","1,509.50","1,514.75","1,525.75","1,496.75","59.39K","0.02%"
"03/11/2022","1,509.25","1,527.50","1,531.50","1,504.50","58.35K","-1.10%"
"03/10/2022","1,526.00","1,482.50","1,527.75","1,481.75","70.07K","2.97%"
"03/09/2022","1,482.00","1,460.50","1,489.25","1,451.25","76.45K","1.35%"
"03/08/2022","1,462.25","1,491.00","1,501.75","1,458.00","90.02K","-1.90%"
"03/07/2022","1,490.50","1,547.00","1,552.00","1,489.75","89.39K","-3.47%"
"03/04/2022","1,544.00","1,570.50","1,572.25","1,523.75","59.86K","-1.66%"
"03/03/2022","1,570.00","1,562.75","1,574.50","1,549.00","47.96K","0.42%"
"03/02/2022","1,563.50","1,572.50","1,579.25","1,549.25","56.54K","-0.56%"
"03/01/2022","1,572.25","1,547.00","1,573.50","1,538.50","67.98K","1.76%"
"02/28/2022","1,545.00","1,540.75","1,564.25","1,525.50","33.69K","0.28%"
"02/25/2022","1,540.75","1,533.00","1,549.25","1,507.75","96.18K","-0.39%"
"02/24/2022","1,546.75","1,584.00","1,588.00","1,541.50","22.63K","-2.32%"
"02/23/2022","1,583.50","1,569.25","1,584.75","1,562.25","58.87K","0.88%"
"02/22/2022","1,569.75","1,598.50","1,601.50","1,558.75","79.07K","-1.66%"
"02/21/2022","1,596.25","1,596.25","1,599.50","1,573.50","55.24K","-0.11%"
"02/18/2022","1,598.00","1,599.50","1,603.25","1,582.00","54.19K","-0.09%"
"02/17/2022","1,599.50","1,596.50","1,607.00","1,591.50","48.94K","0.16%"
"02/16/2022","1,597.00","1,573.25","1,597.00","1,571.25","48.48K","1.64%"
"02/15/2022","1,571.25","1,575.00","1,582.25","1,559.00","67.91K","-0.14%"
"02/14/2022","1,573.50","1,602.25","1,611.25","1,568.00","62.30K","-1.70%"
"02/11/2022","1,600.75","1,609.50","1,614.00","1,594.00","64.80K","-0.42%"
"02/10/2022","1,607.50","1,591.50","1,607.50","1,590.50","57.06K","1.01%"
"02/09/2022","1,591.50","1,571.75","1,591.75","1,571.75","51.11K","1.34%"
"02/08/2022","1,570.50","1,566.25","1,579.75","1,562.25","49.83K","0.26%"
"02/07/2022","1,566.50","1,568.50","1,571.50","1,541.25","60.20K","-0.14%"
"02/04/2022","1,568.75","1,562.25","1,571.75","1,548.50","17.92K","0.43%"
"02/03/2022","1,562.00","1,577.00","1,581.25","1,556.75","17.29K","-0.90%"
"02/02/2022","1,576.25","1,562.50","1,579.75","1,550.25","17.31K","0.96%"
"02/01/2022","1,561.25","1,528.50","1,566.75","1,522.50","21.25K","2.09%"
"01/31/2022","1,529.25","1,490.00","1,529.75","1,478.75","25.11K","2.51%"
"01/28/2022","1,491.75","1,496.75","1,534.00","1,485.75","30.72K","-0.27%"
"01/27/2022","1,495.75","1,545.50","1,559.00","1,486.75","42.95K","-3.25%"
"01/26/2022","1,546.00","1,548.00","1,556.00","1,533.25","61.06K","-0.40%"
"01/25/2022","1,552.25","1,576.00","1,577.75","1,527.75","51.39K","-1.48%"
"01/24/2022","1,575.50","1,569.50","1,577.00","1,551.75","77.81K","0.43%"
"01/21/2022","1,568.75","1,599.75","1,606.25","1,563.75","116.96K","-1.88%"
"01/20/2022","1,598.75","1,592.75","1,603.75","1,586.25","72.13K","0.44%"
"01/19/2022","1,591.75","1,606.00","1,609.75","1,591.75","72.56K","-0.96%"
"01/18/2022","1,607.25","1,619.00","1,626.50","1,606.50","47.22K","-0.65%"
"01/17/2022","1,617.75","1,608.00","1,619.25","1,601.50","58.64K","0.68%"
"01/14/2022","1,606.75","1,620.75","1,637.75","1,595.25","77.87K","-0.74%"
"01/13/2022","1,618.75","1,610.75","1,622.75","1,609.25","51.94K","0.50%"
"01/12/2022","1,610.75","1,602.00","1,616.75","1,598.75","52.99K","0.48%"
"01/11/2022","1,603.00","1,599.75","1,605.50","1,585.25","62.32K","0.17%"
"01/10/2022","1,600.25","1,593.75","1,601.00","1,582.50","50.76K","0.46%"
"01/07/2022","1,593.00","1,608.50","1,621.00","1,591.25","60.91K","-1.01%"
"01/06/2022","1,609.25","1,621.25","1,629.50","1,600.25","66.63K","-0.82%"
"01/05/2022","1,622.50","1,620.75","1,627.25","1,616.00","45.76K","0.14%"
"01/04/2022","1,620.25","1,601.50","1,621.75","1,601.25","42.45K","1.11%"
"01/03/2022","1,602.50","1,606.25","1,621.00","1,598.50","44.71K","-0.06%"
"12/31/2021","1,603.50","1,603.50","1,609.75","1,602.25","11.34K","0.03%"
"12/30/2021","1,603.00","1,606.50","1,611.50","1,602.00","31.93K","-0.39%"
"12/29/2021","1,609.25","1,606.75","1,612.75","1,604.00","14.63K","0.11%"
"12/28/2021","1,607.50","1,590.75","1,607.50","1,590.50","46.75K","1.01%"
"12/27/2021","1,591.50","1,581.25","1,596.25","1,579.25","37.53K","0.65%"
"12/24/2021","1,581.25","1,579.50","1,587.50","1,579.00","34.74K","0.13%"
"12/23/2021","1,579.25","1,569.50","1,582.75","1,567.50","44.85K","0.65%"
"12/22/2021","1,569.00","1,567.25","1,572.75","1,563.50","35.46K","0.16%"
"12/21/2021","1,566.50","1,544.00","1,569.00","1,537.25","44.69K","1.38%"
"12/20/2021","1,545.25","1,565.00","1,566.75","1,543.75","51.00K","-1.23%"
"12/17/2021","1,564.50","1,565.50","1,570.50","1,555.00","45.60K","-0.02%"
"12/16/2021","1,564.75","1,548.50","1,565.25","1,541.75","36.62K","1.08%"
"12/15/2021","1,548.00","1,545.75","1,549.25","1,535.25","38.71K","0.15%"
"12/14/2021","1,545.75","1,559.25","1,561.50","1,541.75","46.61K","-0.83%"
"12/13/2021","1,558.75","1,565.25","1,576.25","1,557.75","38.08K","-0.38%"
"12/10/2021","1,564.75","1,571.75","1,575.00","1,560.25","31.45K","-0.51%"
"12/09/2021","1,572.75","1,569.50","1,574.75","1,564.50","36.06K","0.25%"
"12/08/2021","1,568.75","1,560.75","1,580.50","1,560.50","51.19K","0.48%"
"12/07/2021","1,561.25","1,553.75","1,561.25","1,542.75","57.71K","0.45%"
"12/06/2021","1,554.25","1,552.50","1,555.75","1,536.75","70.49K","0.18%"
"12/03/2021","1,551.50","1,549.75","1,557.25","1,543.00","63.58K","0.11%"
"12/02/2021","1,549.75","1,539.75","1,550.75","1,530.50","63.28K","0.73%"
"12/01/2021","1,538.50","1,508.50","1,542.00","1,503.00","71.79K","1.82%"
"11/30/2021","1,511.00","1,515.00","1,534.75","1,510.75","66.13K","-0.53%"
"11/29/2021","1,519.00","1,518.25","1,526.25","1,494.00","29.57K","0.12%"
"11/26/2021","1,517.25","1,548.50","1,549.00","1,516.25","41.65K","-2.00%"
"11/25/2021","1,548.25","1,550.50","1,553.00","1,541.00","61.73K","-0.11%"
"11/24/2021","1,550.00","1,547.50","1,553.25","1,539.75","58.81K","0.15%"
"11/23/2021","1,547.75","1,563.00","1,568.50","1,546.00","50.76K","-0.96%"
"11/22/2021","1,562.75","1,564.75","1,567.00","1,553.75","38.10K","-0.11%"
"11/19/2021","1,564.50","1,567.25","1,576.25","1,561.25","48.30K","-0.29%"
"11/18/2021","1,569.00","1,555.00","1,569.25","1,553.25","41.27K","0.92%"
"11/17/2021","1,554.75","1,546.50","1,555.25","1,544.50","41.84K","0.57%"
"11/16/2021","1,546.00","1,543.25","1,548.50","1,541.00","36.95K","0.16%"
"11/15/2021","1,543.50","1,532.00","1,548.00","1,530.00","44.17K","0.75%"
"11/12/2021","1,532.00","1,524.25","1,538.25","1,522.50","50.86K","0.59%"
"11/11/2021","1,523.00","1,532.00","1,538.75","1,516.75","48.87K","-0.62%"
"11/10/2021","1,532.50","1,532.50","1,532.50","1,532.50","22.14K","-0.03%"
"11/09/2021","1,533.00","1,523.25","1,536.50","1,521.75","51.73K","0.64%"
"11/08/2021","1,523.25","1,505.50","1,523.75","1,503.00","47.96K","1.15%"
"11/05/2021","1,506.00","1,486.75","1,507.00","1,486.25","51.36K","1.29%"
"11/04/2021","1,486.75","1,488.75","1,504.25","1,485.50","41.83K","-0.10%"
"11/03/2021","1,488.25","1,486.50","1,493.00","1,484.00","35.25K","0.12%"
"11/02/2021","1,486.50","1,486.50","1,503.00","1,483.00","45.71K","-0.05%"
"11/01/2021","1,487.25","1,473.75","1,491.75","1,470.25","39.26K","0.76%"
"10/29/2021","1,476.00","1,485.00","1,491.00","1,468.25","48.55K","-0.77%"
"10/28/2021","1,487.50","1,490.00","1,493.75","1,483.25","16.45K","-0.15%"
"10/27/2021","1,489.75","1,488.00","1,491.25","1,479.75","54.09K","0.12%"
"10/26/2021","1,488.00","1,472.75","1,490.00","1,472.00","53.65K","1.04%"
"10/25/2021","1,472.75","1,469.50","1,476.75","1,458.50","53.60K","0.22%"
"10/22/2021","1,469.50","1,467.50","1,474.00","1,461.25","42.13K","0.19%"
"10/21/2021","1,466.75","1,472.50","1,485.00","1,466.75","45.81K","-0.44%"
"10/20/2021","1,473.25","1,473.00","1,480.00","1,471.00","36.76K","0.10%"
"10/19/2021","1,471.75","1,455.50","1,476.25","1,453.00","35.08K","1.01%"
"10/18/2021","1,457.00","1,461.00","1,470.00","1,456.00","37.27K","-0.31%"
"10/15/2021","1,461.50","1,433.50","1,463.75","1,432.50","60.03K","2.06%"
"10/14/2021","1,432.00","1,427.75","1,445.25","1,422.75","39.71K","0.33%"
"10/13/2021","1,427.25","1,435.00","1,450.25","1,426.75","46.50K","-0.64%"
"10/12/2021","1,436.50","1,463.50","1,465.50","1,427.25","55.44K","-1.98%"
"10/11/2021","1,465.50","1,455.50","1,465.75","1,451.50","19.06K","0.69%"
"10/08/2021","1,455.50","1,464.50","1,471.00","1,453.25","42.62K","-0.50%"
"10/07/2021","1,462.75","1,464.50","1,465.00","1,464.50","0.01K","1.92%"
"10/06/2021","1,435.25","1,432.50","1,444.50","1,425.50","68.30K","0.02%"
"10/05/2021","1,435.00","1,432.50","1,442.25","1,411.00","72.73K","0.02%"
"10/04/2021","1,434.75","1,448.50","1,459.50","1,430.25","68.02K","-0.92%"
"10/01/2021","1,448.00","1,480.75","1,483.50","1,439.50","69.78K","-2.10%"
"09/30/2021","1,479.00","1,472.00","1,484.75","1,460.50","62.77K","0.17%"
"09/29/2021","1,476.50","1,507.50","1,509.25","1,473.25","26.10K","-2.06%"
"09/28/2021","1,507.50","1,517.50","1,518.25","1,495.75","45.61K","-0.69%"
"09/27/2021","1,518.00","1,517.00","1,523.75","1,507.00","64.70K","0.16%"
"09/24/2021","1,515.50","1,502.75","1,521.25","1,502.25","58.96K","0.80%"
"09/23/2021","1,503.50","1,483.75","1,508.25","1,482.75","55.96K","1.33%"
"09/22/2021","1,483.75","1,479.50","1,489.25","1,470.50","72.97K","0.39%"
"09/21/2021","1,478.00","1,483.00","1,484.25","1,459.75","23.80K","-0.42%"
"09/20/2021","1,484.25","1,519.50","1,520.50","1,478.75","25.09K","-2.24%"
"09/17/2021","1,518.25","1,520.00","1,529.50","1,510.75","54.14K","-0.05%"
"09/16/2021","1,519.00","1,524.00","1,528.00","1,513.00","33.94K","-0.30%"
"09/15/2021","1,523.50","1,528.75","1,532.50","1,517.50","40.18K","-0.51%"
"09/14/2021","1,531.25","1,528.00","1,538.00","1,527.25","33.11K","0.26%"
"09/13/2021","1,527.25","1,528.75","1,532.50","1,520.25","36.98K","-0.16%"
"09/10/2021","1,529.75","1,508.50","1,530.50","1,507.00","41.11K","1.41%"
"09/09/2021","1,508.50","1,512.25","1,513.75","1,495.75","53.34K","-0.23%"
"09/08/2021","1,512.00","1,524.25","1,527.00","1,504.00","49.19K","-0.77%"
"09/07/2021","1,523.75","1,533.50","1,538.25","1,516.25","32.18K","-0.55%"
"09/06/2021","1,532.25","1,530.50","1,540.00","1,523.75","44.09K","0.02%"
"09/03/2021","1,532.00","1,516.00","1,534.75","1,514.50","40.06K","1.09%"
"09/02/2021","1,515.50","1,524.75","1,531.00","1,511.00","42.29K","-0.66%"
"09/01/2021","1,525.50","1,522.00","1,526.75","1,513.50","45.58K","0.48%"
"08/31/2021","1,518.25","1,514.50","1,523.50","1,497.50","47.09K","0.12%"
"08/30/2021","1,516.50","1,503.50","1,517.00","1,503.00","20.81K","0.88%"
"08/27/2021","1,503.25","1,486.75","1,507.25","1,479.00","62.14K","1.02%"
"08/26/2021","1,488.00","1,489.25","1,501.75","1,478.75","67.89K","-0.05%"
"08/25/2021","1,488.75","1,472.50","1,489.75","1,468.50","71.45K","1.09%"
"08/24/2021","1,472.75","1,464.00","1,480.75","1,459.00","49.18K","0.48%"
"08/23/2021","1,465.75","1,427.50","1,468.25","1,423.25","64.32K","2.95%"
"08/20/2021","1,423.75","1,435.75","1,446.75","1,414.75","75.95K","-0.97%"
"08/19/2021","1,437.75","1,466.25","1,468.00","1,431.50","67.98K","-1.94%"
"08/18/2021","1,466.25","1,448.25","1,469.00","1,428.25","68.03K","1.19%"
"08/17/2021","1,449.00","1,459.50","1,473.00","1,448.75","52.23K","-0.84%"
"08/16/2021","1,461.25","1,477.25","1,480.25","1,460.75","60.22K","-1.08%"
"08/13/2021","1,477.25","1,496.50","1,500.75","1,476.75","41.15K","-1.25%"
"08/12/2021","1,496.00","1,498.50","1,505.50","1,493.75","33.74K","-0.20%"
"08/11/2021","1,499.00","1,508.25","1,511.25","1,491.75","39.86K","-0.63%"
"08/10/2021","1,508.50","1,517.25","1,523.50","1,503.75","33.50K","-0.63%"
"08/09/2021","1,518.00","1,523.25","1,525.75","1,501.25","44.54K","-0.33%"
"08/06/2021","1,523.00","1,529.50","1,534.75","1,515.00","40.19K","-0.49%"
"08/05/2021","1,530.50","1,532.50","1,535.00","1,527.50","28.16K","-0.15%"
"08/04/2021","1,532.75","1,520.25","1,533.25","1,513.00","33.72K","0.84%"
"08/03/2021","1,520.00","1,518.25","1,522.00","1,509.25","36.40K","0.08%"
"08/02/2021","1,518.75","1,496.75","1,519.25","1,494.25","50.20K","1.64%"
"07/30/2021","1,494.25","1,505.00","1,512.00","1,491.25","45.69K","-1.42%"
"07/29/2021","1,515.75","1,490.00","1,516.00","1,489.75","23.27K","1.78%"
"07/28/2021","1,489.25","1,507.25","1,507.25","1,469.25","82.60K","-1.13%"
"07/27/2021","1,506.25","1,509.25","1,522.00","1,501.00","69.99K","-0.08%"
"07/26/2021","1,507.50","1,507.50","1,507.50","1,507.50","15.97K","-1.08%"
"07/23/2021","1,524.00","1,524.75","1,538.00","1,521.25","37.52K","-0.10%"
"07/22/2021","1,525.50","1,511.50","1,535.25","1,508.00","43.47K","0.99%"
"07/21/2021","1,510.50","1,517.00","1,525.75","1,503.50","47.04K","-0.28%"
"07/20/2021","1,514.75","1,535.50","1,536.50","1,509.50","51.81K","-1.29%"
"07/19/2021","1,534.50","1,552.25","1,555.00","1,522.50","53.15K","-1.22%"
"07/16/2021","1,553.50","1,551.00","1,553.75","1,533.25","50.15K","0.08%"
"07/15/2021","1,552.25","1,540.00","1,555.50","1,539.50","36.67K","0.71%"
"07/14/2021","1,541.25","1,540.25","1,546.00","1,532.25","34.10K","0.02%"
"07/13/2021","1,541.00","1,530.75","1,549.25","1,529.25","43.13K","0.69%"
"07/12/2021","1,530.50","1,517.25","1,543.00","1,517.25","49.72K","0.96%"
"07/09/2021","1,516.00","1,530.25","1,530.75","1,504.50","63.33K","-1.01%"
"07/08/2021","1,531.50","1,536.50","1,542.75","1,521.50","41.22K","-0.28%"
"07/07/2021","1,535.75","1,540.75","1,544.50","1,528.00","37.86K","-0.37%"
"07/06/2021","1,541.50","1,542.25","1,548.25","1,539.25","27.33K","-0.05%"
"07/05/2021","1,542.25","1,520.75","1,543.75","1,518.75","38.94K","1.41%"
"07/02/2021","1,520.75","1,520.50","1,526.50","1,513.25","36.82K","0.05%"
"07/01/2021","1,520.00","1,525.00","1,528.00","1,511.25","50.52K","-0.34%"
"06/30/2021","1,525.25","1,512.00","1,533.50","1,510.25","42.59K","-0.34%"
"06/29/2021","1,530.45","1,529.25","1,537.25","1,523.00","18.82K","0.13%"
"06/28/2021","1,528.50","1,523.25","1,530.75","1,519.00","61.14K","0.31%"
"06/25/2021","1,523.75","1,516.00","1,534.75","1,515.50","77.71K","0.54%"
"06/24/2021","1,515.50","1,509.75","1,521.75","1,507.25","60.83K","0.33%"
"06/23/2021","1,510.50","1,489.25","1,514.75","1,482.25","60.35K","1.39%"
"06/22/2021","1,489.75","1,486.00","1,503.50","1,485.75","50.48K","0.37%"
"06/21/2021","1,484.25","1,512.25","1,513.25","1,480.00","78.68K","-1.82%"
"06/18/2021","1,511.75","1,516.00","1,522.00","1,510.75","41.78K","-0.36%"
"06/17/2021","1,517.25","1,513.50","1,517.50","1,495.50","37.34K","0.17%"
"06/16/2021","1,514.75","1,519.50","1,521.75","1,510.00","38.69K","-0.26%"
"06/15/2021","1,518.75","1,510.75","1,523.25","1,508.00","30.92K","0.56%"
"06/14/2021","1,510.25","1,510.00","1,514.50","1,507.00","10.07K","0.02%"
"06/11/2021","1,510.00","1,506.50","1,518.75","1,502.50","41.78K","0.20%"
"06/10/2021","1,507.00","1,490.00","1,508.75","1,486.00","46.08K","1.01%"
"06/09/2021","1,492.00","1,501.75","1,504.75","1,484.00","37.80K","-0.62%"
"06/08/2021","1,501.25","1,502.50","1,511.25","1,496.50","31.44K","-0.03%"
"06/07/2021","1,501.75","1,500.75","1,516.75","1,470.25","50.29K","0.08%"
"06/04/2021","1,500.50","1,511.25","1,511.25","1,493.00","49.63K","-0.74%"
"06/03/2021","1,511.75","1,501.75","1,517.50","1,497.75","36.94K","0.63%"
"06/02/2021","1,502.25","1,509.00","1,516.75","1,492.75","47.52K","-0.41%"
"06/01/2021","1,508.50","1,499.25","1,511.25","1,495.75","37.61K","0.70%"
"05/31/2021","1,498.00","1,484.75","1,506.50","1,479.00","51.03K","0.71%"
"05/28/2021","1,487.50","1,462.50","1,490.50","1,458.50","17.38K","1.59%"
"05/27/2021","1,464.25","1,470.50","1,474.50","1,444.50","56.83K","-0.49%"
"05/26/2021","1,471.50","1,475.25","1,479.75","1,463.25","58.98K","-0.10%"
"05/25/2021","1,473.00","1,445.00","1,477.00","1,443.25","75.38K","1.92%"
"05/24/2021","1,445.25","1,440.25","1,451.75","1,422.50","61.04K","0.23%"
"05/21/2021","1,442.00","1,421.25","1,461.50","1,416.00","60.34K","1.44%"
"05/20/2021","1,421.50","1,423.00","1,431.00","1,408.50","58.09K","-0.30%"
"05/19/2021","1,425.75","1,431.50","1,446.75","1,420.75","60.22K","-0.52%"
"05/18/2021","1,433.25","1,357.25","1,436.25","1,353.50","73.16K","5.76%"
"05/17/2021","1,355.25","1,393.00","1,414.50","1,339.50","72.48K","-2.83%"
"05/14/2021","1,394.75","1,382.75","1,417.50","1,356.25","80.98K","1.29%"
"05/13/2021","1,377.00","1,387.75","1,413.00","1,354.00","121.04K","-0.52%"
"05/12/2021","1,384.25","1,456.00","1,457.00","1,326.75","144.57K","-4.94%"
"05/11/2021","1,456.25","1,519.50","1,520.75","1,444.75","89.83K","-4.19%"
"05/10/2021","1,520.00","1,528.25","1,539.25","1,515.50","53.94K","-0.57%"
"05/07/2021","1,528.75","1,501.00","1,529.00","1,499.75","49.64K","1.92%"
"05/06/2021","1,500.00","1,483.50","1,510.50","1,478.50","66.86K","1.18%"
"05/05/2021","1,482.50","1,498.50","1,504.50","1,473.50","69.88K","-0.97%"
"05/04/2021","1,497.00","1,525.25","1,532.25","1,472.25","86.81K","-1.80%"
"05/03/2021","1,524.50","1,546.50","1,555.75","1,523.25","61.85K","-1.47%"
"04/30/2021","1,547.25","1,559.75","1,565.00","1,544.75","17.43K","-0.80%"
"04/29/2021","1,559.75","1,549.50","1,571.50","1,547.25","41.77K","0.31%"
"04/28/2021","1,554.87","1,559.00","1,559.00","1,549.75","25.81K","-0.25%"
"04/27/2021","1,558.75","1,553.75","1,560.75","1,549.50","61.34K","0.40%"
"04/26/2021","1,552.50","1,524.75","1,553.50","1,523.75","92.00K","1.82%"
"04/23/2021","1,524.75","1,512.25","1,526.00","1,505.50","63.19K","0.74%"
"04/22/2021","1,513.50","1,516.00","1,536.50","1,508.50","81.64K","-0.20%"
"04/21/2021","1,516.50","1,525.50","1,527.00","1,511.25","65.58K","-0.69%"
"04/20/2021","1,527.00","1,520.00","1,529.25","1,514.75","51.29K","0.36%"
"04/19/2021","1,521.50","1,509.25","1,524.25","1,506.00","60.52K","0.78%"
"04/16/2021","1,509.75","1,497.50","1,509.75","1,494.50","59.17K","0.78%"
"04/15/2021","1,498.00","1,480.50","1,498.00","1,477.50","45.02K","1.22%"
"04/14/2021","1,480.00","1,474.75","1,488.25","1,458.50","61.32K","0.32%"
"04/13/2021","1,475.25","1,476.50","1,496.25","1,473.75","51.92K","-0.12%"
"04/12/2021","1,477.00","1,477.00","1,489.00","1,470.75","45.51K","0.02%"
"04/09/2021","1,476.75","1,484.00","1,488.25","1,474.50","46.01K","-0.49%"
"04/08/2021","1,484.00","1,469.50","1,484.50","1,463.25","49.14K","0.92%"
"04/07/2021","1,470.50","1,467.00","1,474.00","1,462.75","44.87K","0.27%"
"04/06/2021","1,466.50","1,470.00","1,476.50","1,465.25","37.39K","-0.34%"
"04/05/2021","1,471.50","1,470.00","1,472.75","1,466.50","4.02K","0.14%"
"04/02/2021","1,469.50","1,454.50","1,471.25","1,454.25","14.36K","1.03%"
"04/01/2021","1,454.50","1,447.50","1,461.00","1,446.75","47.01K","0.41%"
"03/31/2021","1,448.50","1,457.50","1,461.75","1,446.50","51.79K","-0.92%"
"03/30/2021","1,462.00","1,451.25","1,463.00","1,450.75","22.10K","0.74%"
"03/29/2021","1,451.25","1,440.25","1,458.75","1,437.75","60.94K","0.69%"
"03/26/2021","1,441.25","1,419.50","1,441.75","1,415.50","76.13K","1.53%"
"03/25/2021","1,419.50","1,409.00","1,424.50","1,401.00","73.91K","0.58%"
"03/24/2021","1,411.25","1,420.00","1,423.25","1,407.00","52.01K","-0.69%"
"03/23/2021","1,421.00","1,419.00","1,435.00","1,415.75","46.72K","0.04%"
"03/22/2021","1,420.50","1,402.75","1,422.00","1,398.50","56.34K","1.05%"
"03/19/2021","1,405.75","1,429.00","1,433.25","1,401.25","60.71K","-1.64%"
"03/18/2021","1,429.25","1,419.00","1,443.75","1,413.50","51.26K","0.65%"
"03/17/2021","1,420.00","1,427.50","1,433.00","1,416.50","42.21K","-0.61%"
"03/16/2021","1,428.75","1,414.50","1,431.50","1,412.25","42.46K","0.97%"
"03/15/2021","1,415.00","1,417.50","1,421.00","1,407.50","51.98K","-0.37%"
"03/12/2021","1,420.25","1,410.75","1,423.25","1,410.00","47.46K","0.53%"
"03/11/2021","1,412.75","1,385.00","1,415.75","1,384.50","60.57K","1.91%"
"03/10/2021","1,386.25","1,380.25","1,397.50","1,374.75","60.67K","0.43%"
"03/09/2021","1,380.25","1,382.50","1,391.50","1,363.50","90.19K","-0.07%"
"03/08/2021","1,381.25","1,383.25","1,403.25","1,369.00","80.30K","-0.23%"
"03/05/2021","1,384.50","1,390.50","1,396.25","1,359.75","93.01K","-0.32%"
"03/04/2021","1,389.00","1,412.00","1,418.75","1,375.25","91.21K","-1.66%"
"03/03/2021","1,412.50","1,393.00","1,414.00","1,388.75","60.12K","1.66%"
"03/02/2021","1,389.50","1,400.00","1,420.50","1,387.00","60.47K","-0.75%"
"03/01/2021","1,400.00","1,386.25","1,404.50","1,374.25","37.41K","1.05%"
"02/26/2021","1,385.50","1,431.00","1,433.25","1,381.25","103.44K","-3.71%"
"02/25/2021","1,438.91","1,418.75","1,443.75","1,405.00","31.42K","1.26%"
"02/24/2021","1,421.00","1,436.75","1,442.00","1,416.00","87.91K","-1.18%"
"02/23/2021","1,438.00","1,430.50","1,439.75","1,414.50","85.92K","0.51%"
"02/22/2021","1,430.75","1,425.00","1,447.75","1,424.25","82.49K","0.44%"
"02/19/2021","1,424.50","1,430.25","1,431.50","1,409.75","71.21K","-0.44%"
"02/18/2021","1,430.75","1,431.25","1,444.00","1,425.50","73.18K","-0.09%"
"02/17/2021","1,432.00","1,438.75","1,440.75","1,413.75","64.15K","-0.45%"
"02/16/2021","1,438.50","1,434.00","1,443.25","1,431.75","7.16K","0.35%"
"02/15/2021","1,433.50","1,423.25","1,434.00","1,416.00","10.36K","0.63%"
"02/12/2021","1,424.50","1,411.50","1,424.50","1,410.75","9.41K","0.89%"
"02/11/2021","1,412.00","1,406.00","1,414.75","1,399.50","11.42K","0.46%"
"02/10/2021","1,405.50","1,395.00","1,408.75","1,389.25","15.31K","0.70%"
"02/09/2021","1,395.75","1,385.00","1,405.25","1,381.25","16.34K","0.85%"
"02/08/2021","1,384.00","1,381.75","1,393.00","1,377.50","17.59K","0.11%"
"02/05/2021","1,382.50","1,373.00","1,395.00","1,372.25","57.05K","0.66%"
"02/04/2021","1,373.50","1,382.25","1,384.50","1,359.25","59.22K","-0.49%"
"02/03/2021","1,380.25","1,378.50","1,388.25","1,375.25","63.42K","0.15%"
"02/02/2021","1,378.25","1,345.75","1,384.50","1,342.75","59.95K","2.34%"
"02/01/2021","1,346.75","1,322.75","1,350.00","1,320.00","85.47K","1.81%"
"01/29/2021","1,322.75","1,348.00","1,367.00","1,322.25","88.37K","-2.13%"
"01/28/2021","1,351.53","1,379.25","1,379.25","1,344.25","27.39K","-1.99%"
"01/27/2021","1,379.00","1,373.75","1,390.75","1,371.75","80.81K","0.38%"
"01/26/2021","1,373.75","1,397.50","1,402.75","1,366.50","116.74K","-1.66%"
"01/25/2021","1,397.00","1,399.00","1,401.75","1,380.75","101.30K","-0.20%"
"01/22/2021","1,399.75","1,404.00","1,405.75","1,391.50","83.74K","-0.21%"
"01/21/2021","1,402.75","1,375.75","1,409.50","1,375.50","89.18K","1.94%"
"01/20/2021","1,376.00","1,384.50","1,391.50","1,370.25","90.83K","-0.61%"
"01/19/2021","1,384.50","1,362.50","1,391.50","1,359.00","53.69K","1.50%"
"01/18/2021","1,364.00","1,367.50","1,376.00","1,340.25","76.70K","-0.31%"
"01/15/2021","1,368.25","1,377.00","1,403.00","1,363.50","95.68K","-0.73%"
"01/14/2021","1,378.25","1,379.25","1,382.50","1,370.00","76.62K","-0.07%"
"01/13/2021","1,379.25","1,355.00","1,382.50","1,352.75","67.64K","1.79%"
"01/12/2021","1,355.00","1,356.25","1,365.75","1,347.50","65.53K","-0.20%"
"01/11/2021","1,357.75","1,349.25","1,359.00","1,340.00","80.73K","0.69%"
"01/08/2021","1,348.50","1,330.50","1,351.00","1,328.25","99.74K","1.37%"
"01/07/2021","1,330.25","1,302.50","1,331.75","1,298.25","69.89K","2.15%"
"01/06/2021","1,302.25","1,306.75","1,322.00","1,289.25","85.28K","-0.33%"
"01/05/2021","1,306.50","1,295.75","1,306.50","1,287.00","68.98K","0.89%"
"01/04/2021","1,295.00","1,276.00","1,299.50","1,273.25","67.00K","1.51%"
"12/31/2020","1,275.75","1,276.00","1,283.50","1,272.25","46.02K","-0.52%"
"12/30/2020","1,282.39","1,267.00","1,283.00","1,264.00","20.54K","1.21%"
"12/29/2020","1,267.00","1,264.75","1,269.00","1,261.50","92.48K","0.18%"
"12/28/2020","1,264.75","1,254.50","1,265.75","1,252.50","69.08K","0.74%"
"12/25/2020","1,255.50","1,250.00","1,261.25","1,249.75","29.99K","0.42%"
"12/24/2020","1,250.25","1,240.00","1,254.25","1,239.50","63.20K","0.91%"
"12/23/2020","1,239.00","1,233.50","1,245.00","1,232.00","83.13K","0.36%"
"12/22/2020","1,234.50","1,255.00","1,258.75","1,233.75","96.43K","-1.75%"
"12/21/2020","1,256.50","1,241.50","1,256.75","1,232.00","84.01K","1.25%"
"12/18/2020","1,241.00","1,245.25","1,249.75","1,240.00","54.31K","-0.34%"
"12/17/2020","1,245.25","1,245.25","1,245.25","1,245.25","14.69K","-0.06%"
"12/16/2020","1,246.00","1,228.00","1,247.50","1,227.00","58.39K","1.55%"
"12/15/2020","1,227.00","1,236.00","1,238.75","1,220.25","68.80K","-0.73%"
"12/14/2020","1,236.00","1,239.50","1,244.50","1,232.00","53.79K","-0.30%"
"12/11/2020","1,239.75","1,237.50","1,248.50","1,226.75","89.67K","0.18%"
"12/10/2020","1,237.50","1,252.25","1,252.75","1,233.00","72.92K","-1.18%"
"12/09/2020","1,252.25","1,244.00","1,254.25","1,242.75","46.94K","0.62%"
"12/08/2020","1,244.50","1,233.75","1,246.50","1,231.50","59.14K","0.75%"
"12/07/2020","1,235.25","1,228.75","1,243.00","1,225.00","75.01K","0.49%"
"12/04/2020","1,229.25","1,216.00","1,230.00","1,216.00","75.21K","1.07%"
"12/03/2020","1,216.25","1,213.50","1,222.25","1,208.25","65.82K","0.23%"
"12/02/2020","1,213.50","1,203.50","1,215.50","1,200.75","61.85K","0.81%"
"12/01/2020","1,203.75","1,189.00","1,205.00","1,179.75","67.67K","1.28%"
"11/30/2020","1,188.50","1,205.00","1,212.25","1,188.25","60.16K","-1.50%"
"11/27/2020","1,206.66","1,207.25","1,211.00","1,200.25","27.10K","-0.05%"
"11/26/2020","1,207.25","1,194.00","1,208.75","1,192.75","60.56K","1.07%"
"11/25/2020","1,194.50","1,206.25","1,214.00","1,194.50","87.64K","-0.93%"
"11/24/2020","1,205.75","1,210.75","1,216.00","1,203.00","66.57K","-0.47%"
"11/23/2020","1,211.50","1,199.50","1,218.00","1,197.00","48.38K","1.00%"
"11/20/2020","1,199.50","1,199.00","1,204.50","1,192.00","41.12K","-0.02%"
"11/19/2020","1,199.75","1,199.50","1,209.50","1,194.75","58.60K","0.02%"
"11/18/2020","1,199.50","1,186.00","1,201.50","1,184.50","55.66K","1.12%"
"11/17/2020","1,186.25","1,179.50","1,196.00","1,178.25","71.84K","0.51%"
"11/16/2020","1,180.25","1,158.75","1,180.50","1,157.00","50.01K","1.92%"
"11/13/2020","1,158.00","1,153.00","1,160.25","1,148.25","50.46K","0.37%"
"11/12/2020","1,153.75","1,157.25","1,163.25","1,150.50","76.88K","-0.28%"
"11/11/2020","1,157.00","1,140.25","1,158.75","1,137.75","75.97K","1.47%"
"11/10/2020","1,140.25","1,141.00","1,164.75","1,135.50","98.07K","-0.18%"
"11/09/2020","1,142.25","1,128.50","1,148.25","1,126.00","67.74K","1.26%"
"11/06/2020","1,128.00","1,124.25","1,132.75","1,122.00","67.62K","0.33%"
"11/05/2020","1,124.25","1,119.75","1,128.50","1,112.50","77.04K","0.40%"
"11/04/2020","1,119.75","1,104.00","1,120.75","1,102.75","73.98K","1.47%"
"11/03/2020","1,103.50","1,090.00","1,106.00","1,088.25","52.23K","1.22%"
"11/02/2020","1,090.25","1,080.00","1,092.75","1,077.00","68.46K","0.58%"
"10/30/2020","1,084.00","1,094.50","1,097.50","1,082.25","60.53K","-1.89%"
"10/29/2020","1,104.88","1,115.25","1,116.25","1,094.50","22.14K","-1.00%"
"10/28/2020","1,116.00","1,118.00","1,123.00","1,113.25","38.62K","-0.36%"
"10/27/2020","1,120.00","1,121.25","1,126.00","1,115.00","44.89K","-0.36%"
"10/26/2020","1,124.00","1,120.00","1,131.25","1,118.75","43.79K","0.09%"
"10/23/2020","1,123.00","1,123.00","1,128.00","1,118.75","27.23K","0.02%"
"10/22/2020","1,122.75","1,120.00","1,123.50","1,110.75","25.97K","0.29%"
"10/21/2020","1,119.50","1,113.50","1,127.25","1,113.25","29.75K","0.18%"
"10/20/2020","1,117.50","1,121.00","1,124.00","1,114.25","29.69K","-0.31%"
"10/19/2020","1,121.00","1,108.50","1,123.75","1,107.75","32.04K","0.88%"
"10/16/2020","1,111.25","1,119.00","1,120.00","1,108.75","33.79K","-0.67%"
"10/15/2020","1,118.75","1,119.25","1,122.50","1,108.00","28.18K","-0.25%"
"10/14/2020","1,121.50","1,125.75","1,128.25","1,120.00","23.39K","-0.36%"
"10/13/2020","1,125.50","1,123.25","1,131.00","1,116.75","22.86K","-0.04%"
"10/12/2020","1,126.00","1,119.75","1,131.25","1,118.50","24.29K","0.42%"
"10/09/2020","1,121.25","1,121.00","1,132.25","1,118.75","15.01K","-0.04%"
"10/08/2020","1,121.75","1,111.25","1,122.00","1,110.50","23.19K","0.92%"
"10/07/2020","1,111.50","1,104.75","1,112.50","1,098.25","26.85K","0.61%"
"10/06/2020","1,104.75","1,089.50","1,106.25","1,089.25","18.61K","1.08%"
"10/05/2020","1,093.00","1,082.50","1,104.50","1,082.50","12.37K","0.69%"
"10/02/2020","1,085.50","1,102.50","1,110.00","1,083.75","4.47K","-1.70%"
"10/01/2020","1,104.25","1,089.25","1,109.00","1,086.00","7.07K","1.24%"
"09/30/2020","1,090.75","1,086.00","1,098.25","1,081.25","12.37K","-0.15%"
"09/29/2020","1,092.36","1,090.25","1,100.00","987.50","9.95K","0.38%"
"09/28/2020","1,088.25","1,066.75","1,089.25","1,061.50","26.58K","1.87%"
"09/25/2020","1,068.25","1,071.50","1,079.50","1,056.50","43.48K","0.02%"
"09/24/2020","1,068.00","1,095.00","1,098.75","1,065.25","35.37K","-2.51%"
"09/23/2020","1,095.50","1,092.50","1,098.75","1,088.50","27.90K","0.18%"
"09/22/2020","1,093.50","1,105.25","1,106.50","1,091.75","34.51K","-1.06%"
"09/21/2020","1,105.25","1,119.50","1,122.75","1,105.00","27.52K","-1.32%"
"09/18/2020","1,120.00","1,112.25","1,123.00","1,110.50","21.73K","0.16%"
"09/17/2020","1,118.25","1,126.75","1,131.00","1,114.00","18.68K","-0.73%"
"09/16/2020","1,126.50","1,118.00","1,130.75","1,118.00","23.32K","0.74%"
"09/15/2020","1,118.25","1,112.50","1,119.25","1,110.25","15.82K","0.45%"
"09/14/2020","1,113.25","1,107.25","1,114.25","1,095.00","24.71K","0.98%"
"09/11/2020","1,102.50","1,104.00","1,107.75","1,094.50","23.89K","-0.09%"
"09/10/2020","1,103.50","1,091.00","1,104.25","1,090.50","21.79K","0.80%"
"09/09/2020","1,094.75","1,105.00","1,105.25","1,081.00","27.72K","-0.68%"
"09/08/2020","1,102.25","1,097.25","1,104.75","1,090.25","20.79K","0.62%"
"09/07/2020","1,095.50","1,097.50","1,106.50","1,086.25","59.81K","-0.09%"
"09/04/2020","1,096.50","1,106.25","1,109.25","1,085.50","52.21K","-0.97%"
"09/03/2020","1,107.25","1,110.00","1,120.00","1,097.75","29.13K","0.36%"
"09/02/2020","1,103.25","1,100.50","1,118.75","1,094.50","26.27K","0.18%"
"09/01/2020","1,101.25","1,093.25","1,102.00","1,077.50","27.35K","0.92%"
"08/31/2020","1,091.25","1,109.00","1,116.25","1,088.00","31.50K","-1.51%"
"08/28/2020","1,108.00","1,113.75","1,119.25","1,093.25","12.97K","-0.58%"
"08/27/2020","1,114.50","1,119.75","1,128.00","1,113.25","21.15K","-0.42%"
"08/26/2020","1,119.25","1,118.25","1,140.00","1,085.50","19.98K","0.18%"
"08/25/2020","1,117.25","1,108.50","1,122.50","1,099.00","23.65K","0.90%"
"08/24/2020","1,107.25","1,103.50","1,120.00","1,089.25","21.43K","0.20%"
"08/21/2020","1,105.00","1,085.25","1,121.50","1,080.25","30.64K","1.91%"
"08/20/2020","1,084.25","1,124.50","1,127.00","1,067.00","21.03K","-3.60%"
"08/19/2020","1,124.75","1,130.25","1,136.75","1,123.00","19.54K","-0.55%"
"08/18/2020","1,131.00","1,139.25","1,148.25","1,128.25","18.60K","-0.90%"
"08/17/2020","1,141.25","1,130.25","1,142.75","1,125.25","12.01K","1.09%"
"08/14/2020","1,129.00","1,123.25","1,129.25","1,119.00","8.25K","0.36%"
"08/13/2020","1,125.00","1,128.00","1,137.50","1,120.50","5.79K","0.38%"
"08/12/2020","1,120.75","1,126.00","1,131.00","1,112.50","6.42K","-0.60%"
"08/11/2020","1,127.50","1,136.75","1,138.75","1,126.50","4.87K","-0.77%"
"08/10/2020","1,136.25","1,128.75","1,140.50","1,125.00","4.70K","0.60%"
"08/07/2020","1,129.50","1,137.00","1,141.00","1,125.50","8.25K","-0.70%"
"08/06/2020","1,137.50","1,128.25","1,144.25","1,127.75","5.69K","0.86%"
"08/05/2020","1,127.75","1,120.00","1,127.75","1,117.50","5.90K","0.85%"
"08/04/2020","1,118.25","1,099.50","1,118.00","1,096.00","7.40K","1.50%"
"08/03/2020","1,101.75","1,113.25","1,114.75","1,099.50","7.78K","-1.03%"
"07/31/2020","1,113.25","1,114.75","1,119.00","1,100.25","4.86K","-1.22%"
"07/30/2020","1,127.00","1,127.00","1,127.00","1,127.00","","1.17%"
"07/29/2020","1,114.00","1,115.50","1,122.75","1,108.75","5.25K","-0.13%"
"07/28/2020","1,115.50","1,120.25","1,155.00","1,112.50","7.25K","-0.27%"
"07/27/2020","1,118.50","1,088.75","1,124.75","1,085.25","6.70K","2.69%"
"07/24/2020","1,089.25","1,100.25","1,105.25","1,087.25","8.21K","-0.93%"
"07/23/2020","1,099.50","1,101.75","1,102.50","1,091.50","8.04K","-0.20%"
"07/22/2020","1,101.75","1,099.25","1,104.75","1,093.75","5.66K","0.25%"
"07/21/2020","1,099.00","1,077.75","1,101.00","1,075.75","5.06K","2.07%"